"id","Pokémon","HP","Attack","Defense","Sp..Attack","Sp..Defense","Speed","Total","Average","hatch_time","height","weight","type1","type2","catch_rate","catch_rate_index","hatchTimeMin","hatchTimeMax"
1,"Bulbasaur",45,49,49,65,65,45,318,53,"5140 - 5396 ",0.7,6.9,"Grass","Poison","45 (5.9%)",45,5140,"5396 "
2,"Ivysaur",60,62,63,80,80,60,405,67.5,"5140 - 5396 ",1,13,"Grass","Poison","45 (5.9%)",45,5140,"5396 "
3,"Venusaur",80,82,83,100,100,80,525,87.5,"5140 - 5396 ",2,100,"Grass","Poison","45 (5.9%)",45,5140,"5396 "
4,"Charmander",39,52,43,60,50,65,309,51.5,"5140 - 5396 ",0.6,8.5,"Fire","Unknown","45 (5.9%)",45,5140,"5396 "
5,"Charmeleon",58,64,58,80,65,80,405,67.5,"5140 - 5396 ",1.1,19,"Fire","Unknown","45 (5.9%)",45,5140,"5396 "
6,"Charizard",78,84,78,109,85,100,534,89,"5140 - 5396 ",1.7,90.5,"Fire","Flying","45 (5.9%)",45,5140,"5396 "
7,"Squirtle",44,48,65,50,64,43,314,52.33,"5140 - 5396 ",0.5,9,"Water","Unknown","45 (5.9%)",45,5140,"5396 "
8,"Wartortle",59,63,80,65,80,58,405,67.5,"5140 - 5396 ",1,22.5,"Water","Unknown","45 (5.9%)",45,5140,"5396 "
9,"Blastoise",79,83,100,85,105,78,530,88.33,"5140 - 5396 ",1.6,85.5,"Water","Unknown","45 (5.9%)",45,5140,"5396 "
10,"Caterpie",45,30,35,20,20,45,195,32.5,"3855 - 4111 ",0.3,2.9,"Bug","Unknown","255 (33.3%)",255,3855,"4111 "
11,"Metapod",50,20,55,25,25,30,205,34.17,"3855 - 4111 ",0.7,9.9,"Bug","Unknown","120 (15.7%)",120,3855,"4111 "
12,"Butterfree",60,45,50,90,80,70,395,65.83,"3855 - 4111 ",1.1,32,"Bug","Flying","45 (5.9%)",45,3855,"4111 "
13,"Weedle",40,35,30,20,20,50,195,32.5,"3855 - 4111 ",0.3,3.2,"Bug","Poison","255 (33.3%)",255,3855,"4111 "
14,"Kakuna",45,25,50,25,25,35,205,34.17,"3855 - 4111 ",0.6,10,"Bug","Poison","120 (15.7%)",120,3855,"4111 "
15,"Beedrill",65,90,40,45,80,75,395,65.83,"3855 - 4111 ",1,29.5,"Bug","Poison","45 (5.9%)",45,3855,"4111 "
16,"Pidgey",40,45,40,35,35,56,251,41.83,"3855 - 4111 ",0.3,1.8,"Normal","Flying","255 (33.3%)",255,3855,"4111 "
17,"Pidgeotto",63,60,55,50,50,71,349,58.17,"3855 - 4111 ",1.1,30,"Normal","Flying","120 (15.7%)",120,3855,"4111 "
18,"Pidgeot",83,80,75,70,70,101,479,79.83,"3855 - 4111 ",1.5,39.5,"Normal","Flying","45 (5.9%)",45,3855,"4111 "
19,"Rattata",30,56,35,25,35,72,253,42.17,"3855 - 4111 ",0.3,3.5,"Normal","Unknown","255 (33.3%)",255,3855,"4111 "
20,"Raticate",55,81,60,50,70,97,413,68.83,"3855 - 4111 ",0.7,18.5,"Normal","Unknown","127 (16.6%)",127,3855,"4111 "
21,"Spearow",40,60,30,31,31,70,262,43.67,"3855 - 4111 ",0.3,2,"Normal","Flying","255 (33.3%)",255,3855,"4111 "
22,"Fearow",65,90,65,61,61,100,442,73.67,"3855 - 4111 ",1.2,38,"Normal","Flying","90 (11.8%)",90,3855,"4111 "
23,"Ekans",35,60,44,40,54,55,288,48,"5140 - 5396 ",2,6.9,"Poison","Unknown","255 (33.3%)",255,5140,"5396 "
24,"Arbok",60,95,69,65,79,80,448,74.67,"5140 - 5396 ",3.5,65,"Poison","Unknown","90 (11.8%)",90,5140,"5396 "
25,"Pikachu",35,55,40,50,50,90,320,53.33,"2570 - 2826 ",0.4,6,"Electric","Unknown","190 (24.8%)",190,2570,"2826 "
26,"Raichu",60,90,55,90,80,110,485,80.83,"2570 - 2826 ",0.8,30,"Electric","Unknown","75 (9.8%)",75,2570,"2826 "
27,"Sandshrew",50,75,85,20,30,40,300,50,"5140 - 5396 ",0.6,12,"Ground","Unknown","255 (33.3%)",255,5140,"5396 "
28,"Sandslash",75,100,110,45,55,65,450,75,"5140 - 5396 ",1,29.5,"Ground","Unknown","90 (11.8%)",90,5140,"5396 "
29,"Nidoran<U+2640>",55,47,52,40,40,41,275,45.83,"5140 - 5396 ",0.4,7,"Poison","Unknown","235 (30.7%)",235,5140,"5396 "
30,"Nidorina",70,62,67,55,55,56,365,60.83,"5140 - 5396 ",0.8,20,"Poison","Unknown","120 (15.7%)",120,5140,"5396 "
31,"Nidoqueen",90,92,87,75,85,76,505,84.17,"5140 - 5396 ",1.3,60,"Poison","Ground","45 (5.9%)",45,5140,"5396 "
32,"Nidoran<U+2642>",46,57,40,40,40,50,273,45.5,"5140 - 5396 ",0.5,9,"Poison","Unknown","235 (30.7%)",235,5140,"5396 "
33,"Nidorino",61,72,57,55,55,65,365,60.83,"5140 - 5396 ",0.9,19.5,"Poison","Unknown","120 (15.7%)",120,5140,"5396 "
34,"Nidoking",81,102,77,85,75,85,505,84.17,"5140 - 5396 ",1.4,62,"Poison","Ground","45 (5.9%)",45,5140,"5396 "
35,"Clefairy",70,45,48,60,65,35,323,53.83,"5140 - 5396 ",0.6,7.5,"Fairy","Unknown","150 (19.6%)",150,5140,"5396 "
36,"Clefable",95,70,73,95,90,60,483,80.5,"2570 - 2826 ",1.3,40,"Fairy","Unknown","25 (3.3%)",25,2570,"2826 "
37,"Vulpix",38,41,40,50,65,65,299,49.83,"5140 - 5396 ",0.6,9.9,"Fire","Unknown","190 (24.8%)",190,5140,"5396 "
38,"Ninetales",73,76,75,81,100,100,505,84.17,"5140 - 5396 ",1.1,19.9,"Fire","Unknown","75 (9.8%)",75,5140,"5396 "
39,"Jigglypuff",115,45,20,45,25,20,270,45,"2570 - 2826 ",0.5,5.5,"Normal","Fairy","170 (22.2%)",170,2570,"2826 "
40,"Wigglytuff",140,70,45,85,50,45,435,72.5,"2570 - 2826 ",1,12,"Normal","Fairy","50 (6.5%)",50,2570,"2826 "
41,"Zubat",40,45,35,30,40,55,245,40.83,"3855 - 4111 ",0.8,7.5,"Poison","Flying","255 (33.3%)",255,3855,"4111 "
42,"Golbat",75,80,70,65,75,90,455,75.83,"3855 - 4111 ",1.6,55,"Poison","Flying","90 (11.8%)",90,3855,"4111 "
43,"Oddish",45,50,55,75,65,30,320,53.33,"5140 - 5396 ",0.5,5.4,"Grass","Poison","255 (33.3%)",255,5140,"5396 "
44,"Gloom",60,65,70,85,75,40,395,65.83,"5140 - 5396 ",0.8,8.6,"Grass","Poison","120 (15.7%)",120,5140,"5396 "
45,"Vileplume",75,80,85,110,90,50,490,81.67,"5140 - 5396 ",1.2,18.6,"Grass","Poison","45 (5.9%)",45,5140,"5396 "
46,"Paras",35,70,55,45,55,25,285,47.5,"5140 - 5396 ",0.3,5.4,"Bug","Grass","190 (24.8%)",190,5140,"5396 "
47,"Parasect",60,95,80,60,80,30,405,67.5,"5140 - 5396 ",1,29.5,"Bug","Grass","75 (9.8%)",75,5140,"5396 "
48,"Venonat",60,55,50,40,55,45,305,50.83,"5140 - 5396 ",1,30,"Bug","Poison","190 (24.8%)",190,5140,"5396 "
49,"Venomoth",70,65,60,90,75,90,450,75,"5140 - 5396 ",1.5,12.5,"Bug","Poison","75 (9.8%)",75,5140,"5396 "
50,"Diglett",10,55,25,35,45,95,265,44.17,"5140 - 5396 ",0.2,0.8,"Ground","Unknown","255 (33.3%)",255,5140,"5396 "
51,"Dugtrio",35,100,50,50,70,120,425,70.83,"5140 - 5396 ",0.7,33.3,"Ground","Unknown","50 (6.5%)",50,5140,"5396 "
52,"Meowth",40,45,35,40,40,90,290,48.33,"5140 - 5396 ",0.4,4.2,"Normal","Unknown","255 (33.3%)",255,5140,"5396 "
53,"Persian",65,70,60,65,65,115,440,73.33,"5140 - 5396 ",1,32,"Normal","Unknown","90 (11.8%)",90,5140,"5396 "
54,"Psyduck",50,52,48,65,50,55,320,53.33,"5140 - 5396 ",0.8,19.6,"Water","Unknown","190 (24.8%)",190,5140,"5396 "
55,"Golduck",80,82,78,95,80,85,500,83.33,"5140 - 5396 ",1.7,76.6,"Water","Unknown","75 (9.8%)",75,5140,"5396 "
56,"Mankey",40,80,35,35,45,70,305,50.83,"5140 - 5396 ",0.5,28,"Fighting","Unknown","190 (24.8%)",190,5140,"5396 "
57,"Primeape",65,105,60,60,70,95,455,75.83,"5140 - 5396 ",1,32,"Fighting","Unknown","75 (9.8%)",75,5140,"5396 "
58,"Growlithe",55,70,45,70,50,60,350,58.33,"5140 - 5396 ",0.7,19,"Fire","Unknown","190 (24.8%)",190,5140,"5396 "
59,"Arcanine",90,110,80,100,80,95,555,92.5,"5140 - 5396 ",1.9,155,"Fire","Unknown","75 (9.8%)",75,5140,"5396 "
60,"Poliwag",40,50,40,40,40,90,300,50,"5140 - 5396 ",0.6,12.4,"Water","Unknown","255 (33.3%)",255,5140,"5396 "
61,"Poliwhirl",65,65,65,50,50,90,385,64.17,"5140 - 5396 ",1,20,"Water","Unknown","120 (15.7%)",120,5140,"5396 "
62,"Poliwrath",90,95,95,70,90,70,510,85,"5140 - 5396 ",1.3,54,"Water","Fighting","45 (5.9%)",45,5140,"5396 "
63,"Abra",25,20,15,105,55,90,310,51.67,"5140 - 5396 ",0.9,19.5,"Psychic","Unknown","200 (26.1%)",200,5140,"5396 "
64,"Kadabra",40,35,30,120,70,105,400,66.67,"5140 - 5396 ",1.3,56.5,"Psychic","Unknown","100 (13.1%)",100,5140,"5396 "
65,"Alakazam",55,50,45,135,95,120,500,83.33,"5140 - 5396 ",1.5,48,"Psychic","Unknown","50 (6.5%)",50,5140,"5396 "
66,"Machop",70,80,50,35,35,35,305,50.83,"5140 - 5396 ",0.8,19.5,"Fighting","Unknown","180 (23.5%)",180,5140,"5396 "
67,"Machoke",80,100,70,50,60,45,405,67.5,"5140 - 5396 ",1.5,70.5,"Fighting","Unknown","90 (11.8%)",90,5140,"5396 "
68,"Machamp",90,130,80,65,85,55,505,84.17,"5140 - 5396 ",1.6,130,"Fighting","Unknown","45 (5.9%)",45,5140,"5396 "
69,"Bellsprout",50,75,35,70,30,40,300,50,"5140 - 5396 ",0.7,4,"Grass","Poison","255 (33.3%)",255,5140,"5396 "
70,"Weepinbell",65,90,50,85,45,55,390,65,"5140 - 5396 ",1,6.4,"Grass","Poison","120 (15.7%)",120,5140,"5396 "
71,"Victreebel",80,105,65,100,70,70,490,81.67,"5140 - 5396 ",1.7,15.5,"Grass","Poison","45 (5.9%)",45,5140,"5396 "
72,"Tentacool",40,40,35,50,100,70,335,55.83,"5140 - 5396 ",0.9,45.5,"Water","Poison","190 (24.8%)",190,5140,"5396 "
73,"Tentacruel",80,70,65,80,120,100,515,85.83,"5140 - 5396 ",1.6,55,"Water","Poison","60 (7.8%)",60,5140,"5396 "
74,"Geodude",40,80,100,30,30,20,300,50,"3855 - 4111 ",0.4,20,"Rock","Ground","255 (33.3%)",255,3855,"4111 "
75,"Graveler",55,95,115,45,45,35,390,65,"3855 - 4111 ",1,105,"Rock","Ground","120 (15.7%)",120,3855,"4111 "
76,"Golem",80,120,130,55,65,45,495,82.5,"3855 - 4111 ",1.4,300,"Rock","Ground","45 (5.9%)",45,3855,"4111 "
77,"Ponyta",50,85,55,65,65,90,410,68.33,"5140 - 5396 ",1,30,"Fire","Unknown","190 (24.8%)",190,5140,"5396 "
78,"Rapidash",65,100,70,80,80,105,500,83.33,"5140 - 5396 ",1.7,95,"Fire","Unknown","60 (7.8%)",60,5140,"5396 "
79,"Slowpoke",90,65,65,40,40,15,315,52.5,"5140 - 5396 ",1.2,36,"Water","Psychic","190 (24.8%)",190,5140,"5396 "
80,"Slowbro",95,75,110,100,80,30,490,81.67,"5140 - 5396 ",1.6,78.5,"Water","Psychic","75 (9.8%)",75,5140,"5396 "
81,"Magnemite",25,35,70,95,55,45,325,54.17,"5140 - 5396 ",0.3,6,"Electric","Steel","190 (24.8%)",190,5140,"5396 "
82,"Magneton",50,60,95,120,70,70,465,77.5,"5140 - 5396 ",1,60,"Electric","Steel","60 (7.8%)",60,5140,"5396 "
83,"Farfetch'd",52,90,55,58,62,60,377,62.83,"5140 - 5396 ",0.8,15,"Normal","Flying","45 (5.9%)",45,5140,"5396 "
84,"Doduo",35,85,45,35,35,75,310,51.67,"5140 - 5396 ",1.4,39.2,"Normal","Flying","190 (24.8%)",190,5140,"5396 "
85,"Dodrio",60,110,70,60,60,110,470,78.33,"5140 - 5396 ",1.8,85.2,"Normal","Flying","45 (5.9%)",45,5140,"5396 "
86,"Seel",65,45,55,45,70,45,325,54.17,"5140 - 5396 ",1.1,90,"Water","Unknown","190 (24.8%)",190,5140,"5396 "
87,"Dewgong",90,70,80,70,95,70,475,79.17,"5140 - 5396 ",1.7,120,"Water","Ice","75 (9.8%)",75,5140,"5396 "
88,"Grimer",80,80,50,40,50,25,325,54.17,"5140 - 5396 ",0.9,30,"Poison","Unknown","190 (24.8%)",190,5140,"5396 "
89,"Muk",105,105,75,65,100,50,500,83.33,"5140 - 5396 ",1.2,30,"Poison","Unknown","75 (9.8%)",75,5140,"5396 "
90,"Shellder",30,65,100,45,25,40,305,50.83,"5140 - 5396 ",0.3,4,"Water","Unknown","190 (24.8%)",190,5140,"5396 "
91,"Cloyster",50,95,180,85,45,70,525,87.5,"5140 - 5396 ",1.5,132.5,"Water","Ice","60 (7.8%)",60,5140,"5396 "
92,"Gastly",30,35,30,100,35,80,310,51.67,"5140 - 5396 ",1.3,0.1,"Ghost","Poison","190 (24.8%)",190,5140,"5396 "
93,"Haunter",45,50,45,115,55,95,405,67.5,"5140 - 5396 ",1.6,0.1,"Ghost","Poison","90 (11.8%)",90,5140,"5396 "
94,"Gengar",60,65,60,130,75,110,500,83.33,"5140 - 5396 ",1.5,40.5,"Ghost","Poison","45 (5.9%)",45,5140,"5396 "
95,"Onix",35,45,160,30,45,70,385,64.17,"6425 - 6681 ",8.8,210,"Rock","Ground","45 (5.9%)",45,6425,"6681 "
96,"Drowzee",60,48,45,43,90,42,328,54.67,"5140 - 5396 ",1,32.4,"Psychic","Unknown","190 (24.8%)",190,5140,"5396 "
97,"Hypno",85,73,70,73,115,67,483,80.5,"5140 - 5396 ",1.6,75.6,"Psychic","Unknown","75 (9.8%)",75,5140,"5396 "
98,"Krabby",30,105,90,25,25,50,325,54.17,"5140 - 5396 ",0.4,6.5,"Water","Unknown","225 (29.4%)",225,5140,"5396 "
99,"Kingler",55,130,115,50,50,75,475,79.17,"5140 - 5396 ",1.3,60,"Water","Unknown","60 (7.8%)",60,5140,"5396 "
100,"Voltorb",40,30,50,55,55,100,330,55,"5140 - 5396 ",0.5,10.4,"Electric","Unknown","190 (24.8%)",190,5140,"5396 "
101,"Electrode",60,50,70,80,80,150,490,81.67,"5140 - 5396 ",1.2,66.6,"Electric","Unknown","60 (7.8%)",60,5140,"5396 "
102,"Exeggcute",60,40,80,60,45,40,325,54.17,"5140 - 5396 ",0.4,2.5,"Grass","Psychic","90 (11.8%)",90,5140,"5396 "
103,"Exeggutor",95,95,85,125,75,55,530,88.33,"5140 - 5396 ",2,120,"Grass","Psychic","45 (5.9%)",45,5140,"5396 "
104,"Cubone",50,50,95,40,50,35,320,53.33,"5140 - 5396 ",0.4,6.5,"Ground","Unknown","190 (24.8%)",190,5140,"5396 "
105,"Marowak",60,80,110,50,80,45,425,70.83,"5140 - 5396 ",1,45,"Ground","Unknown","75 (9.8%)",75,5140,"5396 "
106,"Hitmonlee",50,120,53,35,110,87,455,75.83,"6425 - 6681 ",1.5,49.8,"Fighting","Unknown","45 (5.9%)",45,6425,"6681 "
107,"Hitmonchan",50,105,79,35,110,76,455,75.83,"6425 - 6681 ",1.4,50.2,"Fighting","Unknown","45 (5.9%)",45,6425,"6681 "
108,"Lickitung",90,55,75,60,75,30,385,64.17,"5140 - 5396 ",1.2,65.5,"Normal","Unknown","45 (5.9%)",45,5140,"5396 "
109,"Koffing",40,65,95,60,45,35,340,56.67,"5140 - 5396 ",0.6,1,"Poison","Unknown","190 (24.8%)",190,5140,"5396 "
110,"Weezing",65,90,120,85,70,60,490,81.67,"5140 - 5396 ",1.2,9.5,"Poison","Unknown","60 (7.8%)",60,5140,"5396 "
111,"Rhyhorn",80,85,95,30,30,25,345,57.5,"5140 - 5396 ",1,115,"Ground","Rock","120 (15.7%)",120,5140,"5396 "
112,"Rhydon",105,130,120,45,45,40,485,80.83,"5140 - 5396 ",1.9,120,"Ground","Rock","60 (7.8%)",60,5140,"5396 "
113,"Chansey",250,5,5,35,105,50,450,75,"10280 - 10536 ",1.1,34.6,"Normal","Unknown","30 (3.9%)",30,10280,"10536 "
114,"Tangela",65,55,115,100,40,60,435,72.5,"5140 - 5396 ",1,35,"Grass","Unknown","45 (5.9%)",45,5140,"5396 "
115,"Kangaskhan",105,95,80,40,80,90,490,81.67,"5140 - 5396 ",2.2,80,"Normal","Unknown","45 (5.9%)",45,5140,"5396 "
116,"Horsea",30,40,70,70,25,60,295,49.17,"5140 - 5396 ",0.4,8,"Water","Unknown","225 (29.4%)",225,5140,"5396 "
117,"Seadra",55,65,95,95,45,85,440,73.33,"5140 - 5396 ",1.2,25,"Water","Unknown","75 (9.8%)",75,5140,"5396 "
118,"Goldeen",45,67,60,35,50,63,320,53.33,"5140 - 5396 ",0.6,15,"Water","Unknown","225 (29.4%)",225,5140,"5396 "
119,"Seaking",80,92,65,65,80,68,450,75,"5140 - 5396 ",1.3,39,"Water","Unknown","60 (7.8%)",60,5140,"5396 "
120,"Staryu",30,45,55,70,55,85,340,56.67,"5140 - 5396 ",0.8,34.5,"Water","Unknown","225 (29.4%)",225,5140,"5396 "
121,"Starmie",60,75,85,100,85,115,520,86.67,"5140 - 5396 ",1.1,80,"Water","Psychic","60 (7.8%)",60,5140,"5396 "
122,"Mr._Mime",40,45,65,100,120,90,460,76.67,"6425 - 6681 ",1.3,54.5,"Psychic","Fairy","45 (5.9%)",45,6425,"6681 "
123,"Scyther",70,110,80,55,80,105,500,83.33,"6425 - 6681 ",1.5,56,"Bug","Flying","45 (5.9%)",45,6425,"6681 "
124,"Jynx",65,50,35,115,95,95,455,75.83,"6425 - 6681 ",1.4,40.6,"Ice","Psychic","45 (5.9%)",45,6425,"6681 "
125,"Electabuzz",65,83,57,95,85,105,490,81.67,"6425 - 6681 ",1.1,30,"Electric","Unknown","45 (5.9%)",45,6425,"6681 "
126,"Magmar",65,95,57,100,85,93,495,82.5,"6425 - 6681 ",1.3,44.5,"Fire","Unknown","45 (5.9%)",45,6425,"6681 "
127,"Pinsir",65,125,100,55,70,85,500,83.33,"6425 - 6681 ",1.5,55,"Bug","Unknown","45 (5.9%)",45,6425,"6681 "
128,"Tauros",75,100,95,40,70,110,490,81.67,"5140 - 5396 ",1.4,88.4,"Normal","Unknown","45 (5.9%)",45,5140,"5396 "
129,"Magikarp",20,10,55,15,20,80,200,33.33,"1285 - 1541 ",0.9,10,"Water","Unknown","255 (33.3%)",255,1285,"1541 "
130,"Gyarados",95,125,79,60,100,81,540,90,"1285 - 1541 ",6.5,235,"Water","Flying","45 (5.9%)",45,1285,"1541 "
131,"Lapras",130,85,80,85,95,60,535,89.17,"10280 - 10536 ",2.5,220,"Water","Ice","45 (5.9%)",45,10280,"10536 "
132,"Ditto",48,48,48,48,48,48,288,48,"5140 - 5396 ",0.3,4,"Normal","Unknown","35 (4.6%)",35,5140,"5396 "
133,"Eevee",55,55,50,45,65,55,325,54.17,"8995 - 9251 ",0.3,6.5,"Normal","Unknown","45 (5.9%)",45,8995,"9251 "
134,"Vaporeon",130,65,60,110,95,65,525,87.5,"8995 - 9251 ",1,29,"Water","Unknown","45 (5.9%)",45,8995,"9251 "
135,"Jolteon",65,65,60,110,95,130,525,87.5,"8995 - 9251 ",0.8,24.5,"Electric","Unknown","45 (5.9%)",45,8995,"9251 "
136,"Flareon",65,130,60,95,110,65,525,87.5,"8995 - 9251 ",0.9,25,"Fire","Unknown","45 (5.9%)",45,8995,"9251 "
137,"Porygon",65,60,70,85,75,40,395,65.83,"5140 - 5396 ",0.8,36.5,"Normal","Unknown","45 (5.9%)",45,5140,"5396 "
138,"Omanyte",35,40,100,90,55,35,355,59.17,"7710 - 7966 ",0.4,7.5,"Rock","Water","45 (5.9%)",45,7710,"7966 "
139,"Omastar",70,60,125,115,70,55,495,82.5,"7710 - 7966 ",1,35,"Rock","Water","45 (5.9%)",45,7710,"7966 "
140,"Kabuto",30,80,90,55,45,55,355,59.17,"7710 - 7966 ",0.5,11.5,"Rock","Water","45 (5.9%)",45,7710,"7966 "
141,"Kabutops",60,115,105,65,70,80,495,82.5,"7710 - 7966 ",1.3,40.5,"Rock","Water","45 (5.9%)",45,7710,"7966 "
142,"Aerodactyl",80,105,65,60,75,130,515,85.83,"8995 - 9251 ",1.8,59,"Rock","Flying","45 (5.9%)",45,8995,"9251 "
143,"Snorlax",160,110,65,65,110,30,540,90,"10280 - 10536 ",2.1,460,"Normal","Unknown","25 (3.3%)",25,10280,"10536 "
144,"Articuno",90,85,100,95,125,85,580,96.67,"20560 - 20816 ",1.7,55.4,"Ice","Flying","3 (0.4%)",3,20560,"20816 "
145,"Zapdos",90,90,85,125,90,100,580,96.67,"20560 - 20816 ",1.6,52.6,"Electric","Flying","3 (0.4%)",3,20560,"20816 "
146,"Moltres",90,100,90,125,85,90,580,96.67,"20560 - 20816 ",2,60,"Fire","Flying","3 (0.4%)",3,20560,"20816 "
147,"Dratini",41,64,45,50,50,50,300,50,"10280 - 10536 ",1.8,3.3,"Dragon","Unknown","45 (5.9%)",45,10280,"10536 "
148,"Dragonair",61,84,65,70,70,70,420,70,"10280 - 10536 ",4,16.5,"Dragon","Unknown","45 (5.9%)",45,10280,"10536 "
149,"Dragonite",91,134,95,100,100,80,600,100,"10280 - 10536 ",2.2,210,"Dragon","Flying","45 (5.9%)",45,10280,"10536 "
150,"Mewtwo",106,110,90,154,90,130,680,113.33,"30840 - 31096 ",2,122,"Psychic","Unknown","3 (0.4%)",3,30840,"31096 "
151,"Mew",100,100,100,100,100,100,600,100,"30840 - 31096 ",0.4,4,"Psychic","Unknown","45 (5.9%)",45,30840,"31096 "
152,"Chikorita",45,49,65,49,65,45,318,53,"5140 - 5396 ",0.9,6.4,"Grass","Unknown","45 (5.9%)",45,5140,"5396 "
153,"Bayleef",60,62,80,63,80,60,405,67.5,"5140 - 5396 ",1.2,15.8,"Grass","Unknown","45 (5.9%)",45,5140,"5396 "
154,"Meganium",80,82,100,83,100,80,525,87.5,"5140 - 5396 ",1.8,100.5,"Grass","Unknown","45 (5.9%)",45,5140,"5396 "
155,"Cyndaquil",39,52,43,60,50,65,309,51.5,"5140 - 5396 ",0.5,7.9,"Fire","Unknown","45 (5.9%)",45,5140,"5396 "
156,"Quilava",58,64,58,80,65,80,405,67.5,"5140 - 5396 ",0.9,19,"Fire","Unknown","45 (5.9%)",45,5140,"5396 "
157,"Typhlosion",78,84,78,109,85,100,534,89,"5140 - 5396 ",1.7,79.5,"Fire","Unknown","45 (5.9%)",45,5140,"5396 "
158,"Totodile",50,65,64,44,48,43,314,52.33,"5140 - 5396 ",0.6,9.5,"Water","Unknown","45 (5.9%)",45,5140,"5396 "
159,"Croconaw",65,80,80,59,63,58,405,67.5,"5140 - 5396 ",1.1,25,"Water","Unknown","45 (5.9%)",45,5140,"5396 "
160,"Feraligatr",85,105,100,79,83,78,530,88.33,"5140 - 5396 ",2.3,88.8,"Water","Unknown","45 (5.9%)",45,5140,"5396 "
161,"Sentret",35,46,34,35,45,20,215,35.83,"3855 - 4111 ",0.8,6,"Normal","Unknown","255 (33.3%)",255,3855,"4111 "
162,"Furret",85,76,64,45,55,90,415,69.17,"3855 - 4111 ",1.8,32.5,"Normal","Unknown","90 (11.8%)",90,3855,"4111 "
163,"Hoothoot",60,30,30,36,56,50,262,43.67,"3855 - 4111 ",0.7,21.2,"Normal","Flying","255 (33.3%)",255,3855,"4111 "
164,"Noctowl",100,50,50,86,96,70,452,75.33,"3855 - 4111 ",1.6,40.8,"Normal","Flying","90 (11.8%)",90,3855,"4111 "
165,"Ledyba",40,20,30,40,80,55,265,44.17,"3855 - 4111 ",1,10.8,"Bug","Flying","255 (33.3%)",255,3855,"4111 "
166,"Ledian",55,35,50,55,110,85,390,65,"3855 - 4111 ",1.4,35.6,"Bug","Flying","90 (11.8%)",90,3855,"4111 "
167,"Spinarak",40,60,40,40,40,30,250,41.67,"3855 - 4111 ",0.5,8.5,"Bug","Poison","255 (33.3%)",255,3855,"4111 "
168,"Ariados",70,90,70,60,70,40,400,66.67,"3855 - 4111 ",1.1,33.5,"Bug","Poison","90 (11.8%)",90,3855,"4111 "
169,"Crobat",85,90,80,70,80,130,535,89.17,"3855 - 4111 ",1.8,75,"Poison","Flying","90 (11.8%)",90,3855,"4111 "
170,"Chinchou",75,38,38,56,56,67,330,55,"5140 - 5396 ",0.5,12,"Water","Electric","190 (24.8%)",190,5140,"5396 "
171,"Lanturn",125,58,58,76,76,67,460,76.67,"5140 - 5396 ",1.2,22.5,"Water","Electric","75 (9.8%)",75,5140,"5396 "
172,"Pichu",20,40,15,35,35,60,205,34.17,"2570 - 2826 ",0.3,2,"Electric","Unknown","190 (24.8%)",190,2570,"2826 "
173,"Cleffa",50,25,28,45,55,15,218,36.33,"2570 - 2826 ",0.3,3,"Fairy","Unknown","150 (19.6%)",150,2570,"2826 "
174,"Igglybuff",90,30,15,40,20,15,210,35,"2570 - 2826 ",0.3,1,"Normal","Fairy","170 (22.2%)",170,2570,"2826 "
175,"Togepi",35,20,65,40,65,20,245,40.83,"2570 - 2826 ",0.3,1.5,"Fairy","Unknown","190 (24.8%)",190,2570,"2826 "
176,"Togetic",55,40,85,80,105,40,405,67.5,"2570 - 2826 ",0.6,3.2,"Fairy","Flying","75 (9.8%)",75,2570,"2826 "
177,"Natu",40,50,45,70,45,70,320,53.33,"5140 - 5396 ",0.2,2,"Psychic","Flying","190 (24.8%)",190,5140,"5396 "
178,"Xatu",65,75,70,95,70,95,470,78.33,"5140 - 5396 ",1.5,15,"Psychic","Flying","75 (9.8%)",75,5140,"5396 "
179,"Mareep",55,40,40,65,45,35,280,46.67,"5140 - 5396 ",0.6,7.8,"Electric","Unknown","235 (30.7%)",235,5140,"5396 "
180,"Flaaffy",70,55,55,80,60,45,365,60.83,"5140 - 5396 ",0.8,13.3,"Electric","Unknown","120 (15.7%)",120,5140,"5396 "
181,"Ampharos",90,75,85,115,90,55,510,85,"5140 - 5396 ",1.4,61.5,"Electric","Unknown","45 (5.9%)",45,5140,"5396 "
182,"Bellossom",75,80,95,90,100,50,490,81.67,"5140 - 5396 ",0.4,5.8,"Grass","Unknown","45 (5.9%)",45,5140,"5396 "
183,"Marill",70,20,50,20,50,40,250,41.67,"2570 - 2826 ",0.4,8.5,"Water","Fairy","190 (24.8%)",190,2570,"2826 "
184,"Azumarill",100,50,80,60,80,50,420,70,"2570 - 2826 ",0.8,28.5,"Water","Fairy","75 (9.8%)",75,2570,"2826 "
185,"Sudowoodo",70,100,115,30,65,30,410,68.33,"5140 - 5396 ",1.2,38,"Rock","Unknown","65 (8.5%)",65,5140,"5396 "
186,"Politoed",90,75,75,90,100,70,500,83.33,"5140 - 5396 ",1.1,33.9,"Water","Unknown","45 (5.9%)",45,5140,"5396 "
187,"Hoppip",35,35,40,35,55,50,250,41.67,"5140 - 5396 ",0.4,0.5,"Grass","Flying","255 (33.3%)",255,5140,"5396 "
188,"Skiploom",55,45,50,45,65,80,340,56.67,"5140 - 5396 ",0.6,1,"Grass","Flying","120 (15.7%)",120,5140,"5396 "
189,"Jumpluff",75,55,70,55,95,110,460,76.67,"5140 - 5396 ",0.8,3,"Grass","Flying","45 (5.9%)",45,5140,"5396 "
190,"Aipom",55,70,55,40,55,85,360,60,"5140 - 5396 ",0.8,11.5,"Normal","Unknown","45 (5.9%)",45,5140,"5396 "
191,"Sunkern",30,30,30,30,30,30,180,30,"5140 - 5396 ",0.3,1.8,"Grass","Unknown","235 (30.7%)",235,5140,"5396 "
192,"Sunflora",75,75,55,105,85,30,425,70.83,"5140 - 5396 ",0.8,8.5,"Grass","Unknown","120 (15.7%)",120,5140,"5396 "
193,"Yanma",65,65,45,75,45,95,390,65,"5140 - 5396 ",1.2,38,"Bug","Flying","75 (9.8%)",75,5140,"5396 "
194,"Wooper",55,45,45,25,25,15,210,35,"5140 - 5396 ",0.4,8.5,"Water","Ground","255 (33.3%)",255,5140,"5396 "
195,"Quagsire",95,85,85,65,65,35,430,71.67,"5140 - 5396 ",1.4,75,"Water","Ground","90 (11.8%)",90,5140,"5396 "
196,"Espeon",65,65,60,130,95,110,525,87.5,"8995 - 9251 ",0.9,26.5,"Psychic","Unknown","45 (5.9%)",45,8995,"9251 "
197,"Umbreon",95,65,110,60,130,65,525,87.5,"8995 - 9251 ",1,27,"Dark","Unknown","45 (5.9%)",45,8995,"9251 "
198,"Murkrow",60,85,42,85,42,91,405,67.5,"5140 - 5396 ",0.5,2.1,"Dark","Flying","30 (3.9%)",30,5140,"5396 "
199,"Slowking",95,75,80,100,110,30,490,81.67,"5140 - 5396 ",2,79.5,"Water","Psychic","70 (9.2%)",70,5140,"5396 "
200,"Misdreavus",60,60,60,85,85,85,435,72.5,"6425 - 6681 ",0.7,1,"Ghost","Unknown","45 (5.9%)",45,6425,"6681 "
201,"Unown",48,72,48,72,48,48,336,56,"10280 - 10536 ",0.5,5,"Psychic","Unknown","225 (29.4%)",225,10280,"10536 "
202,"Wobbuffet",190,33,58,33,58,33,405,67.5,"5140 - 5396 ",1.3,28.5,"Psychic","Unknown","45 (5.9%)",45,5140,"5396 "
203,"Girafarig",70,80,65,90,65,85,455,75.83,"5140 - 5396 ",1.5,41.5,"Normal","Psychic","60 (7.8%)",60,5140,"5396 "
204,"Pineco",50,65,90,35,35,15,290,48.33,"5140 - 5396 ",0.6,7.2,"Bug","Unknown","190 (24.8%)",190,5140,"5396 "
205,"Forretress",75,90,140,60,60,40,465,77.5,"5140 - 5396 ",1.2,125.8,"Bug","Steel","75 (9.8%)",75,5140,"5396 "
206,"Dunsparce",100,70,70,65,65,45,415,69.17,"5140 - 5396 ",1.5,14,"Normal","Unknown","190 (24.8%)",190,5140,"5396 "
207,"Gligar",65,75,105,35,65,85,430,71.67,"5140 - 5396 ",1.1,64.8,"Ground","Flying","60 (7.8%)",60,5140,"5396 "
208,"Steelix",75,85,200,55,65,30,510,85,"6425 - 6681 ",9.2,400,"Steel","Ground","25 (3.3%)",25,6425,"6681 "
209,"Snubbull",60,80,50,40,40,30,300,50,"5140 - 5396 ",0.6,7.8,"Fairy","Unknown","190 (24.8%)",190,5140,"5396 "
210,"Granbull",90,120,75,60,60,45,450,75,"5140 - 5396 ",1.4,48.7,"Fairy","Unknown","75 (9.8%)",75,5140,"5396 "
211,"Qwilfish",65,95,85,55,55,85,440,73.33,"5140 - 5396 ",0.5,3.9,"Water","Poison","45 (5.9%)",45,5140,"5396 "
212,"Scizor",70,130,100,55,80,65,500,83.33,"6425 - 6681 ",1.8,118,"Bug","Steel","25 (3.3%)",25,6425,"6681 "
213,"Shuckle",20,10,230,10,230,5,505,84.17,"5140 - 5396 ",0.6,20.5,"Bug","Rock","190 (24.8%)",190,5140,"5396 "
214,"Heracross",80,125,75,40,95,85,500,83.33,"6425 - 6681 ",1.5,54,"Bug","Fighting","45 (5.9%)",45,6425,"6681 "
215,"Sneasel",55,95,55,35,75,115,430,71.67,"5140 - 5396 ",0.9,28,"Dark","Ice","60 (7.8%)",60,5140,"5396 "
216,"Teddiursa",60,80,50,50,50,40,330,55,"5140 - 5396 ",0.6,8.8,"Normal","Unknown","120 (15.7%)",120,5140,"5396 "
217,"Ursaring",90,130,75,75,75,55,500,83.33,"5140 - 5396 ",1.8,125.8,"Normal","Unknown","60 (7.8%)",60,5140,"5396 "
218,"Slugma",40,40,40,70,40,20,250,41.67,"5140 - 5396 ",0.7,35,"Fire","Unknown","190 (24.8%)",190,5140,"5396 "
219,"Magcargo",60,50,120,90,80,30,430,71.67,"5140 - 5396 ",0.8,55,"Fire","Rock","75 (9.8%)",75,5140,"5396 "
220,"Swinub",50,50,40,30,30,50,250,41.67,"5140 - 5396 ",0.4,6.5,"Ice","Ground","225 (29.4%)",225,5140,"5396 "
221,"Piloswine",100,100,80,60,60,50,450,75,"5140 - 5396 ",1.1,55.8,"Ice","Ground","75 (9.8%)",75,5140,"5396 "
222,"Corsola",65,55,95,65,95,35,410,68.33,"5140 - 5396 ",0.6,5,"Water","Rock","60 (7.8%)",60,5140,"5396 "
223,"Remoraid",35,65,35,65,35,65,300,50,"5140 - 5396 ",0.6,12,"Water","Unknown","190 (24.8%)",190,5140,"5396 "
224,"Octillery",75,105,75,105,75,45,480,80,"5140 - 5396 ",0.9,28.5,"Water","Unknown","75 (9.8%)",75,5140,"5396 "
225,"Delibird",45,55,45,65,45,75,330,55,"5140 - 5396 ",0.9,16,"Ice","Flying","45 (5.9%)",45,5140,"5396 "
226,"Mantine",85,40,70,80,140,70,485,80.83,"6425 - 6681 ",2.1,220,"Water","Flying","25 (3.3%)",25,6425,"6681 "
227,"Skarmory",65,80,140,40,70,70,465,77.5,"6425 - 6681 ",1.7,50.5,"Steel","Flying","25 (3.3%)",25,6425,"6681 "
228,"Houndour",45,60,30,80,50,65,330,55,"5140 - 5396 ",0.6,10.8,"Dark","Fire","120 (15.7%)",120,5140,"5396 "
229,"Houndoom",75,90,50,110,80,95,500,83.33,"5140 - 5396 ",1.4,35,"Dark","Fire","45 (5.9%)",45,5140,"5396 "
230,"Kingdra",75,95,95,95,95,85,540,90,"5140 - 5396 ",1.8,152,"Water","Dragon","45 (5.9%)",45,5140,"5396 "
231,"Phanpy",90,60,60,40,40,40,330,55,"5140 - 5396 ",0.5,33.5,"Ground","Unknown","120 (15.7%)",120,5140,"5396 "
232,"Donphan",90,120,120,60,60,50,500,83.33,"5140 - 5396 ",1.1,120,"Ground","Unknown","60 (7.8%)",60,5140,"5396 "
233,"Porygon2",85,80,90,105,95,60,515,85.83,"5140 - 5396 ",0.6,32.5,"Normal","Unknown","45 (5.9%)",45,5140,"5396 "
234,"Stantler",73,95,62,85,65,85,465,77.5,"5140 - 5396 ",1.4,71.2,"Normal","Unknown","45 (5.9%)",45,5140,"5396 "
235,"Smeargle",55,20,35,20,45,75,250,41.67,"5140 - 5396 ",1.2,58,"Normal","Unknown","45 (5.9%)",45,5140,"5396 "
236,"Tyrogue",35,35,35,35,35,35,210,35,"6425 - 6681 ",0.7,21,"Fighting","Unknown","75 (9.8%)",75,6425,"6681 "
237,"Hitmontop",50,95,95,35,110,70,455,75.83,"6425 - 6681 ",1.4,48,"Fighting","Unknown","45 (5.9%)",45,6425,"6681 "
238,"Smoochum",45,30,15,85,65,65,305,50.83,"6425 - 6681 ",0.4,6,"Ice","Psychic","45 (5.9%)",45,6425,"6681 "
239,"Elekid",45,63,37,65,55,95,360,60,"6425 - 6681 ",0.6,23.5,"Electric","Unknown","45 (5.9%)",45,6425,"6681 "
240,"Magby",45,75,37,70,55,83,365,60.83,"6425 - 6681 ",0.7,21.4,"Fire","Unknown","45 (5.9%)",45,6425,"6681 "
241,"Miltank",95,80,105,40,70,100,490,81.67,"5140 - 5396 ",1.2,75.5,"Normal","Unknown","45 (5.9%)",45,5140,"5396 "
242,"Blissey",255,10,10,75,135,55,540,90,"10280 - 10536 ",1.5,46.8,"Normal","Unknown","30 (3.9%)",30,10280,"10536 "
243,"Raikou",90,85,75,115,100,115,580,96.67,"20560 - 20816 ",1.9,178,"Electric","Unknown","3 (0.4%)",3,20560,"20816 "
244,"Entei",115,115,85,90,75,100,580,96.67,"20560 - 20816 ",2.1,198,"Fire","Unknown","3 (0.4%)",3,20560,"20816 "
245,"Suicune",100,75,115,90,115,85,580,96.67,"20560 - 20816 ",2,187,"Water","Unknown","3 (0.4%)",3,20560,"20816 "
246,"Larvitar",50,64,50,45,50,41,300,50,"10280 - 10536 ",0.6,72,"Rock","Ground","45 (5.9%)",45,10280,"10536 "
247,"Pupitar",70,84,70,65,70,51,410,68.33,"10280 - 10536 ",1.2,152,"Rock","Ground","45 (5.9%)",45,10280,"10536 "
248,"Tyranitar",100,134,110,95,100,61,600,100,"10280 - 10536 ",2,202,"Rock","Dark","45 (5.9%)",45,10280,"10536 "
249,"Lugia",106,90,130,90,154,110,680,113.33,"30840 - 31096 ",5.2,216,"Psychic","Flying","3 (0.4%)",3,30840,"31096 "
250,"Ho-Oh",106,130,90,110,154,90,680,113.33,"30840 - 31096 ",3.8,199,"Fire","Flying","3 (0.4%)",3,30840,"31096 "
251,"Celebi",100,100,100,100,100,100,600,100,"30840 - 31096 ",0.6,5,"Psychic","Grass","45 (5.9%)",45,30840,"31096 "
252,"Treecko",40,45,35,65,55,70,310,51.67,"5140 - 5396 ",0.5,5,"Grass","Unknown","45 (5.9%)",45,5140,"5396 "
253,"Grovyle",50,65,45,85,65,95,405,67.5,"5140 - 5396 ",0.9,21.6,"Grass","Unknown","45 (5.9%)",45,5140,"5396 "
254,"Sceptile",70,85,65,105,85,120,530,88.33,"5140 - 5396 ",1.7,52.2,"Grass","Unknown","45 (5.9%)",45,5140,"5396 "
255,"Torchic",45,60,40,70,50,45,310,51.67,"5140 - 5396 ",0.4,2.5,"Fire","Unknown","45 (5.9%)",45,5140,"5396 "
256,"Combusken",60,85,60,85,60,55,405,67.5,"5140 - 5396 ",0.9,19.5,"Fire","Fighting","45 (5.9%)",45,5140,"5396 "
257,"Blaziken",80,120,70,110,70,80,530,88.33,"5140 - 5396 ",1.9,52,"Fire","Fighting","45 (5.9%)",45,5140,"5396 "
258,"Mudkip",50,70,50,50,50,40,310,51.67,"5140 - 5396 ",0.4,7.6,"Water","Unknown","45 (5.9%)",45,5140,"5396 "
259,"Marshtomp",70,85,70,60,70,50,405,67.5,"5140 - 5396 ",0.7,28,"Water","Ground","45 (5.9%)",45,5140,"5396 "
260,"Swampert",100,110,90,85,90,60,535,89.17,"5140 - 5396 ",1.5,81.9,"Water","Ground","45 (5.9%)",45,5140,"5396 "
261,"Poochyena",35,55,35,30,30,35,220,36.67,"3855 - 4111 ",0.5,13.6,"Dark","Unknown","255 (33.3%)",255,3855,"4111 "
262,"Mightyena",70,90,70,60,60,70,420,70,"3855 - 4111 ",1,37,"Dark","Unknown","127 (16.6%)",127,3855,"4111 "
263,"Zigzagoon",38,30,41,30,41,60,240,40,"3855 - 4111 ",0.4,17.5,"Normal","Unknown","255 (33.3%)",255,3855,"4111 "
264,"Linoone",78,70,61,50,61,100,420,70,"3855 - 4111 ",0.5,32.5,"Normal","Unknown","90 (11.8%)",90,3855,"4111 "
265,"Wurmple",45,45,35,20,30,20,195,32.5,"3855 - 4111 ",0.3,3.6,"Bug","Unknown","255 (33.3%)",255,3855,"4111 "
266,"Silcoon",50,35,55,25,25,15,205,34.17,"3855 - 4111 ",0.6,10,"Bug","Unknown","120 (15.7%)",120,3855,"4111 "
267,"Beautifly",60,70,50,100,50,65,395,65.83,"3855 - 4111 ",1,28.4,"Bug","Flying","45 (5.9%)",45,3855,"4111 "
268,"Cascoon",50,35,55,25,25,15,205,34.17,"3855 - 4111 ",0.7,11.5,"Bug","Unknown","120 (15.7%)",120,3855,"4111 "
269,"Dustox",60,50,70,50,90,65,385,64.17,"3855 - 4111 ",1.2,31.6,"Bug","Poison","45 (5.9%)",45,3855,"4111 "
270,"Lotad",40,30,30,40,50,30,220,36.67,"3855 - 4111 ",0.5,2.6,"Water","Grass","255 (33.3%)",255,3855,"4111 "
271,"Lombre",60,50,50,60,70,50,340,56.67,"3855 - 4111 ",1.2,32.5,"Water","Grass","120 (15.7%)",120,3855,"4111 "
272,"Ludicolo",80,70,70,90,100,70,480,80,"3855 - 4111 ",1.5,55,"Water","Grass","45 (5.9%)",45,3855,"4111 "
273,"Seedot",40,40,50,30,30,30,220,36.67,"3855 - 4111 ",0.5,4,"Grass","Unknown","255 (33.3%)",255,3855,"4111 "
274,"Nuzleaf",70,70,40,60,40,60,340,56.67,"3855 - 4111 ",1,28,"Grass","Dark","120 (15.7%)",120,3855,"4111 "
275,"Shiftry",90,100,60,90,60,80,480,80,"3855 - 4111 ",1.3,59.6,"Grass","Dark","45 (5.9%)",45,3855,"4111 "
276,"Taillow",40,55,30,30,30,85,270,45,"3855 - 4111 ",0.3,2.3,"Normal","Flying","200 (26.1%)",200,3855,"4111 "
277,"Swellow",60,85,60,75,50,125,455,75.83,"3855 - 4111 ",0.7,19.8,"Normal","Flying","45 (5.9%)",45,3855,"4111 "
278,"Wingull",40,30,30,55,30,85,270,45,"5140 - 5396 ",0.6,9.5,"Water","Flying","190 (24.8%)",190,5140,"5396 "
279,"Pelipper",60,50,100,95,70,65,440,73.33,"5140 - 5396 ",1.2,28,"Water","Flying","45 (5.9%)",45,5140,"5396 "
280,"Ralts",28,25,25,45,35,40,198,33,"5140 - 5396 ",0.4,6.6,"Psychic","Fairy","235 (30.7%)",235,5140,"5396 "
281,"Kirlia",38,35,35,65,55,50,278,46.33,"5140 - 5396 ",0.8,20.2,"Psychic","Fairy","120 (15.7%)",120,5140,"5396 "
282,"Gardevoir",68,65,65,125,115,80,518,86.33,"5140 - 5396 ",1.6,48.4,"Psychic","Fairy","45 (5.9%)",45,5140,"5396 "
283,"Surskit",40,30,32,50,52,65,269,44.83,"3855 - 4111 ",0.5,1.7,"Bug","Water","200 (26.1%)",200,3855,"4111 "
284,"Masquerain",70,60,62,100,82,80,454,75.67,"3855 - 4111 ",0.8,3.6,"Bug","Flying","75 (9.8%)",75,3855,"4111 "
285,"Shroomish",60,40,60,40,60,35,295,49.17,"3855 - 4111 ",0.4,4.5,"Grass","Unknown","255 (33.3%)",255,3855,"4111 "
286,"Breloom",60,130,80,60,60,70,460,76.67,"3855 - 4111 ",1.2,39.2,"Grass","Fighting","90 (11.8%)",90,3855,"4111 "
287,"Slakoth",60,60,60,35,35,30,280,46.67,"3855 - 4111 ",0.8,24,"Normal","Unknown","255 (33.3%)",255,3855,"4111 "
288,"Vigoroth",80,80,80,55,55,90,440,73.33,"3855 - 4111 ",1.4,46.5,"Normal","Unknown","120 (15.7%)",120,3855,"4111 "
289,"Slaking",150,160,100,95,65,100,670,111.67,"3855 - 4111 ",2,130.5,"Normal","Unknown","45 (5.9%)",45,3855,"4111 "
290,"Nincada",31,45,90,30,30,40,266,44.33,"3855 - 4111 ",0.5,5.5,"Bug","Ground","255 (33.3%)",255,3855,"4111 "
291,"Ninjask",61,90,45,50,50,160,456,76,"3855 - 4111 ",0.8,12,"Bug","Flying","120 (15.7%)",120,3855,"4111 "
292,"Shedinja",1,90,45,30,30,40,236,39.33,"3855 - 4111 ",0.8,1.2,"Bug","Ghost","45 (5.9%)",45,3855,"4111 "
293,"Whismur",64,51,23,51,23,28,240,40,"5140 - 5396 ",0.6,16.3,"Normal","Unknown","190 (24.8%)",190,5140,"5396 "
294,"Loudred",84,71,43,71,43,48,360,60,"5140 - 5396 ",1,40.5,"Normal","Unknown","120 (15.7%)",120,5140,"5396 "
295,"Exploud",104,91,63,91,73,68,490,81.67,"5140 - 5396 ",1.5,84,"Normal","Unknown","45 (5.9%)",45,5140,"5396 "
296,"Makuhita",72,60,30,20,30,25,237,39.5,"5140 - 5396 ",1,86.4,"Fighting","Unknown","180 (23.5%)",180,5140,"5396 "
297,"Hariyama",144,120,60,40,60,50,474,79,"5140 - 5396 ",2.3,253.8,"Fighting","Unknown","200 (26.1%)",200,5140,"5396 "
298,"Azurill",50,20,40,20,40,20,190,31.67,"2570 - 2826 ",0.2,2,"Normal","Fairy","150 (19.6%)",150,2570,"2826 "
299,"Nosepass",30,45,135,45,90,30,375,62.5,"5140 - 5396 ",1,97,"Rock","Unknown","255 (33.3%)",255,5140,"5396 "
300,"Skitty",50,45,45,35,35,50,260,43.33,"3855 - 4111 ",0.6,11,"Normal","Unknown","255 (33.3%)",255,3855,"4111 "
301,"Delcatty",70,65,65,55,55,90,400,66.67,"3855 - 4111 ",1.1,32.6,"Normal","Unknown","60 (7.8%)",60,3855,"4111 "
302,"Sableye",50,75,75,65,65,50,380,63.33,"6425 - 6681 ",0.5,11,"Dark","Ghost","45 (5.9%)",45,6425,"6681 "
303,"Mawile",50,85,85,55,55,50,380,63.33,"5140 - 5396 ",0.6,11.5,"Steel","Fairy","45 (5.9%)",45,5140,"5396 "
304,"Aron",50,70,100,40,40,30,330,55,"8995 - 9251 ",0.4,60,"Steel","Rock","180 (23.5%)",180,8995,"9251 "
305,"Lairon",60,90,140,50,50,40,430,71.67,"8995 - 9251 ",0.9,120,"Steel","Rock","90 (11.8%)",90,8995,"9251 "
306,"Aggron",70,110,180,60,60,50,530,88.33,"8995 - 9251 ",2.1,360,"Steel","Rock","45 (5.9%)",45,8995,"9251 "
307,"Meditite",30,40,55,40,55,60,280,46.67,"5140 - 5396 ",0.6,11.2,"Fighting","Psychic","180 (23.5%)",180,5140,"5396 "
308,"Medicham",60,60,75,60,75,80,410,68.33,"5140 - 5396 ",1.3,31.5,"Fighting","Psychic","90 (11.8%)",90,5140,"5396 "
309,"Electrike",40,45,40,65,40,65,295,49.17,"5140 - 5396 ",0.6,15.2,"Electric","Unknown","120 (15.7%)",120,5140,"5396 "
310,"Manectric",70,75,60,105,60,105,475,79.17,"5140 - 5396 ",1.5,40.2,"Electric","Unknown","45 (5.9%)",45,5140,"5396 "
311,"Plusle",60,50,40,85,75,95,405,67.5,"5140 - 5396 ",0.4,4.2,"Electric","Unknown","200 (26.1%)",200,5140,"5396 "
312,"Minun",60,40,50,75,85,95,405,67.5,"5140 - 5396 ",0.4,4.2,"Electric","Unknown","200 (26.1%)",200,5140,"5396 "
313,"Volbeat",65,73,75,47,85,85,430,71.67,"3855 - 4111 ",0.7,17.7,"Bug","Unknown","150 (19.6%)",150,3855,"4111 "
314,"Illumise",65,47,75,73,85,85,430,71.67,"3855 - 4111 ",0.6,17.7,"Bug","Unknown","150 (19.6%)",150,3855,"4111 "
315,"Roselia",50,60,45,100,80,65,400,66.67,"5140 - 5396 ",0.3,2,"Grass","Poison","150 (19.6%)",150,5140,"5396 "
316,"Gulpin",70,43,53,43,53,40,302,50.33,"5140 - 5396 ",0.4,10.3,"Poison","Unknown","225 (29.4%)",225,5140,"5396 "
317,"Swalot",100,73,83,73,83,55,467,77.83,"5140 - 5396 ",1.7,80,"Poison","Unknown","75 (9.8%)",75,5140,"5396 "
318,"Carvanha",45,90,20,65,20,65,305,50.83,"5140 - 5396 ",0.8,20.8,"Water","Dark","225 (29.4%)",225,5140,"5396 "
319,"Sharpedo",70,120,40,95,40,95,460,76.67,"5140 - 5396 ",1.8,88.8,"Water","Dark","60 (7.8%)",60,5140,"5396 "
320,"Wailmer",130,70,35,70,35,60,400,66.67,"10280 - 10536 ",2,130,"Water","Unknown","125 (16.3%)",125,10280,"10536 "
321,"Wailord",170,90,45,90,45,60,500,83.33,"10280 - 10536 ",14.5,398,"Water","Unknown","60 (7.8%)",60,10280,"10536 "
322,"Numel",60,60,40,65,45,35,305,50.83,"5140 - 5396 ",0.7,24,"Fire","Ground","255 (33.3%)",255,5140,"5396 "
323,"Camerupt",70,100,70,105,75,40,460,76.67,"5140 - 5396 ",1.9,220,"Fire","Ground","150 (19.6%)",150,5140,"5396 "
324,"Torkoal",70,85,140,85,70,20,470,78.33,"5140 - 5396 ",0.5,80.4,"Fire","Unknown","90 (11.8%)",90,5140,"5396 "
325,"Spoink",60,25,35,70,80,60,330,55,"5140 - 5396 ",0.7,30.6,"Psychic","Unknown","255 (33.3%)",255,5140,"5396 "
326,"Grumpig",80,45,65,90,110,80,470,78.33,"5140 - 5396 ",0.9,71.5,"Psychic","Unknown","60 (7.8%)",60,5140,"5396 "
327,"Spinda",60,60,60,60,60,60,360,60,"3855 - 4111 ",1.1,5,"Normal","Unknown","255 (33.3%)",255,3855,"4111 "
328,"Trapinch",45,100,45,45,45,10,290,48.33,"5140 - 5396 ",0.7,15,"Ground","Unknown","255 (33.3%)",255,5140,"5396 "
329,"Vibrava",50,70,50,50,50,70,340,56.67,"5140 - 5396 ",1.1,15.3,"Ground","Dragon","120 (15.7%)",120,5140,"5396 "
330,"Flygon",80,100,80,80,80,100,520,86.67,"5140 - 5396 ",2,82,"Ground","Dragon","45 (5.9%)",45,5140,"5396 "
331,"Cacnea",50,85,40,85,40,35,335,55.83,"5140 - 5396 ",0.4,51.3,"Grass","Unknown","190 (24.8%)",190,5140,"5396 "
332,"Cacturne",70,115,60,115,60,55,475,79.17,"5140 - 5396 ",1.3,77.4,"Grass","Dark","60 (7.8%)",60,5140,"5396 "
333,"Swablu",45,40,60,40,75,50,310,51.67,"5140 - 5396 ",0.4,1.2,"Normal","Flying","255 (33.3%)",255,5140,"5396 "
334,"Altaria",75,70,90,70,105,80,490,81.67,"5140 - 5396 ",1.1,20.6,"Dragon","Flying","45 (5.9%)",45,5140,"5396 "
335,"Zangoose",73,115,60,60,60,90,458,76.33,"5140 - 5396 ",1.3,40.3,"Normal","Unknown","90 (11.8%)",90,5140,"5396 "
336,"Seviper",73,100,60,100,60,65,458,76.33,"5140 - 5396 ",2.7,52.5,"Poison","Unknown","90 (11.8%)",90,5140,"5396 "
337,"Lunatone",90,55,65,95,85,70,460,76.67,"6425 - 6681 ",1,168,"Rock","Psychic","45 (5.9%)",45,6425,"6681 "
338,"Solrock",90,95,85,55,65,70,460,76.67,"6425 - 6681 ",1.2,154,"Rock","Psychic","45 (5.9%)",45,6425,"6681 "
339,"Barboach",50,48,43,46,41,60,288,48,"5140 - 5396 ",0.4,1.9,"Water","Ground","190 (24.8%)",190,5140,"5396 "
340,"Whiscash",110,78,73,76,71,60,468,78,"5140 - 5396 ",0.9,23.6,"Water","Ground","75 (9.8%)",75,5140,"5396 "
341,"Corphish",43,80,65,50,35,35,308,51.33,"3855 - 4111 ",0.6,11.5,"Water","Unknown","205 (26.8%)",205,3855,"4111 "
342,"Crawdaunt",63,120,85,90,55,55,468,78,"3855 - 4111 ",1.1,32.8,"Water","Dark","155 (20.3%)",155,3855,"4111 "
343,"Baltoy",40,40,55,40,70,55,300,50,"5140 - 5396 ",0.5,21.5,"Ground","Psychic","255 (33.3%)",255,5140,"5396 "
344,"Claydol",60,70,105,70,120,75,500,83.33,"5140 - 5396 ",1.5,107.9,"Ground","Psychic","90 (11.8%)",90,5140,"5396 "
345,"Lileep",66,41,77,61,87,23,355,59.17,"7710 - 7966 ",1,23.8,"Rock","Grass","45 (5.9%)",45,7710,"7966 "
346,"Cradily",86,81,97,81,107,43,495,82.5,"7710 - 7966 ",1.5,60.4,"Rock","Grass","45 (5.9%)",45,7710,"7966 "
347,"Anorith",45,95,50,40,50,75,355,59.17,"7710 - 7966 ",0.7,12.5,"Rock","Bug","45 (5.9%)",45,7710,"7966 "
348,"Armaldo",75,125,100,70,80,45,495,82.5,"7710 - 7966 ",1.5,68.2,"Rock","Bug","45 (5.9%)",45,7710,"7966 "
349,"Feebas",20,15,20,10,55,80,200,33.33,"5140 - 5396 ",0.6,7.4,"Water","Unknown","255 (33.3%)",255,5140,"5396 "
350,"Milotic",95,60,79,100,125,81,540,90,"5140 - 5396 ",6.2,162,"Water","Unknown","60 (7.8%)",60,5140,"5396 "
351,"Castform",70,70,70,70,70,70,420,70,"6425 - 6681 ",0.3,0.8,"Normal","Unknown","45 (5.9%)",45,6425,"6681 "
352,"Kecleon",60,90,70,60,120,40,440,73.33,"5140 - 5396 ",1,22,"Normal","Unknown","200 (26.1%)",200,5140,"5396 "
353,"Shuppet",44,75,35,63,33,45,295,49.17,"6425 - 6681 ",0.6,2.3,"Ghost","Unknown","225 (29.4%)",225,6425,"6681 "
354,"Banette",64,115,65,83,63,65,455,75.83,"6425 - 6681 ",1.1,12.5,"Ghost","Unknown","45 (5.9%)",45,6425,"6681 "
355,"Duskull",20,40,90,30,90,25,295,49.17,"6425 - 6681 ",0.8,15,"Ghost","Unknown","190 (24.8%)",190,6425,"6681 "
356,"Dusclops",40,70,130,60,130,25,455,75.83,"6425 - 6681 ",1.6,30.6,"Ghost","Unknown","90 (11.8%)",90,6425,"6681 "
357,"Tropius",99,68,83,72,87,51,460,76.67,"6425 - 6681 ",2,100,"Grass","Flying","200 (26.1%)",200,6425,"6681 "
358,"Chimecho",75,50,80,95,90,65,455,75.83,"6425 - 6681 ",0.6,1,"Psychic","Unknown","45 (5.9%)",45,6425,"6681 "
359,"Absol",65,130,60,75,60,75,465,77.5,"6425 - 6681 ",1.2,47,"Dark","Unknown","30 (3.9%)",30,6425,"6681 "
360,"Wynaut",95,23,48,23,48,23,260,43.33,"5140 - 5396 ",0.6,14,"Psychic","Unknown","125 (16.3%)",125,5140,"5396 "
361,"Snorunt",50,50,50,50,50,50,300,50,"5140 - 5396 ",0.7,16.8,"Ice","Unknown","190 (24.8%)",190,5140,"5396 "
362,"Glalie",80,80,80,80,80,80,480,80,"5140 - 5396 ",1.5,256.5,"Ice","Unknown","75 (9.8%)",75,5140,"5396 "
363,"Spheal",70,40,50,55,50,25,290,48.33,"5140 - 5396 ",0.8,39.5,"Ice","Water","255 (33.3%)",255,5140,"5396 "
364,"Sealeo",90,60,70,75,70,45,410,68.33,"5140 - 5396 ",1.1,87.6,"Ice","Water","120 (15.7%)",120,5140,"5396 "
365,"Walrein",110,80,90,95,90,65,530,88.33,"5140 - 5396 ",1.4,150.6,"Ice","Water","45 (5.9%)",45,5140,"5396 "
366,"Clamperl",35,64,85,74,55,32,345,57.5,"5140 - 5396 ",0.4,52.5,"Water","Unknown","255 (33.3%)",255,5140,"5396 "
367,"Huntail",55,104,105,94,75,52,485,80.83,"5140 - 5396 ",1.7,27,"Water","Unknown","60 (7.8%)",60,5140,"5396 "
368,"Gorebyss",55,84,105,114,75,52,485,80.83,"5140 - 5396 ",1.8,22.6,"Water","Unknown","60 (7.8%)",60,5140,"5396 "
369,"Relicanth",100,90,130,45,65,55,485,80.83,"10280 - 10536 ",1,23.4,"Water","Rock","25 (3.3%)",25,10280,"10536 "
370,"Luvdisc",43,30,55,40,65,97,330,55,"5140 - 5396 ",0.6,8.7,"Water","Unknown","225 (29.4%)",225,5140,"5396 "
371,"Bagon",45,75,60,40,30,50,300,50,"10280 - 10536 ",0.6,42.1,"Dragon","Unknown","45 (5.9%)",45,10280,"10536 "
372,"Shelgon",65,95,100,60,50,50,420,70,"10280 - 10536 ",1.1,110.5,"Dragon","Unknown","45 (5.9%)",45,10280,"10536 "
373,"Salamence",95,135,80,110,80,100,600,100,"10280 - 10536 ",1.5,102.6,"Dragon","Flying","45 (5.9%)",45,10280,"10536 "
374,"Beldum",40,55,80,35,60,30,300,50,"10280 - 10536 ",0.6,95.2,"Steel","Psychic","3 (0.4%)",3,10280,"10536 "
375,"Metang",60,75,100,55,80,50,420,70,"10280 - 10536 ",1.2,202.5,"Steel","Psychic","3 (0.4%)",3,10280,"10536 "
376,"Metagross",80,135,130,95,90,70,600,100,"10280 - 10536 ",1.6,550,"Steel","Psychic","3 (0.4%)",3,10280,"10536 "
377,"Regirock",80,100,200,50,100,50,580,96.67,"20560 - 20816 ",1.7,230,"Rock","Unknown","3 (0.4%)",3,20560,"20816 "
378,"Regice",80,50,100,100,200,50,580,96.67,"20560 - 20816 ",1.8,175,"Ice","Unknown","3 (0.4%)",3,20560,"20816 "
379,"Registeel",80,75,150,75,150,50,580,96.67,"20560 - 20816 ",1.9,205,"Steel","Unknown","3 (0.4%)",3,20560,"20816 "
380,"Latias",80,80,90,110,130,110,600,100,"30840 - 31096 ",1.4,40,"Dragon","Psychic","3 (0.4%)",3,30840,"31096 "
381,"Latios",80,90,80,130,110,110,600,100,"30840 - 31096 ",2,60,"Dragon","Psychic","3 (0.4%)",3,30840,"31096 "
382,"Kyogre",100,100,90,150,140,90,670,111.67,"30840 - 31096 ",4.5,352,"Water","Unknown","3 (0.4%)",3,30840,"31096 "
383,"Groudon",100,150,140,100,90,90,670,111.67,"30840 - 31096 ",3.5,950,"Ground","Unknown","3 (0.4%)",3,30840,"31096 "
384,"Rayquaza",105,150,90,150,90,95,680,113.33,"30840 - 31096 ",7,206.5,"Dragon","Flying","45 (5.9%)",45,30840,"31096 "
385,"Jirachi",100,100,100,100,100,100,600,100,"30840 - 31096 ",0.3,1.1,"Steel","Psychic","3 (0.4%)",3,30840,"31096 "
386,"Deoxys",50,150,50,150,50,150,600,100,"30840 - 31096 ",1.7,60.8,"Psychic","Unknown","3 (0.4%)",3,30840,"31096 "
387,"Turtwig",55,68,64,45,55,31,318,53,"5140 - 5396 ",0.4,10.2,"Grass","Unknown","45 (5.9%)",45,5140,"5396 "
388,"Grotle",75,89,85,55,65,36,405,67.5,"5140 - 5396 ",1.1,97,"Grass","Unknown","45 (5.9%)",45,5140,"5396 "
389,"Torterra",95,109,105,75,85,56,525,87.5,"5140 - 5396 ",2.2,310,"Grass","Ground","45 (5.9%)",45,5140,"5396 "
390,"Chimchar",44,58,44,58,44,61,309,51.5,"5140 - 5396 ",0.5,6.2,"Fire","Unknown","45 (5.9%)",45,5140,"5396 "
391,"Monferno",64,78,52,78,52,81,405,67.5,"5140 - 5396 ",0.9,22,"Fire","Fighting","45 (5.9%)",45,5140,"5396 "
392,"Infernape",76,104,71,104,71,108,534,89,"5140 - 5396 ",1.2,55,"Fire","Fighting","45 (5.9%)",45,5140,"5396 "
393,"Piplup",53,51,53,61,56,40,314,52.33,"5140 - 5396 ",0.4,5.2,"Water","Unknown","45 (5.9%)",45,5140,"5396 "
394,"Prinplup",64,66,68,81,76,50,405,67.5,"5140 - 5396 ",0.8,23,"Water","Unknown","45 (5.9%)",45,5140,"5396 "
395,"Empoleon",84,86,88,111,101,60,530,88.33,"5140 - 5396 ",1.7,84.5,"Water","Steel","45 (5.9%)",45,5140,"5396 "
396,"Starly",40,55,30,30,30,60,245,40.83,"3855 - 4111 ",0.3,2,"Normal","Flying","255 (33.3%)",255,3855,"4111 "
397,"Staravia",55,75,50,40,40,80,340,56.67,"3855 - 4111 ",0.6,15.5,"Normal","Flying","120 (15.7%)",120,3855,"4111 "
398,"Staraptor",85,120,70,50,60,100,485,80.83,"3855 - 4111 ",1.2,24.9,"Normal","Flying","45 (5.9%)",45,3855,"4111 "
399,"Bidoof",59,45,40,35,40,31,250,41.67,"3855 - 4111 ",0.5,20,"Normal","Unknown","255 (33.3%)",255,3855,"4111 "
400,"Bibarel",79,85,60,55,60,71,410,68.33,"3855 - 4111 ",1,31.5,"Normal","Water","127 (16.6%)",127,3855,"4111 "
401,"Kricketot",37,25,41,25,41,25,194,32.33,"3855 - 4111 ",0.3,2.2,"Bug","Unknown","255 (33.3%)",255,3855,"4111 "
402,"Kricketune",77,85,51,55,51,65,384,64,"3855 - 4111 ",1,25.5,"Bug","Unknown","45 (5.9%)",45,3855,"4111 "
403,"Shinx",45,65,34,40,34,45,263,43.83,"5140 - 5396 ",0.5,9.5,"Electric","Unknown","235 (30.7%)",235,5140,"5396 "
404,"Luxio",60,85,49,60,49,60,363,60.5,"5140 - 5396 ",0.9,30.5,"Electric","Unknown","120 (15.7%)",120,5140,"5396 "
405,"Luxray",80,120,79,95,79,70,523,87.17,"5140 - 5396 ",1.4,42,"Electric","Unknown","45 (5.9%)",45,5140,"5396 "
406,"Budew",40,30,35,50,70,55,280,46.67,"5140 - 5396 ",0.2,1.2,"Grass","Poison","255 (33.3%)",255,5140,"5396 "
407,"Roserade",60,70,65,125,105,90,515,85.83,"5140 - 5396 ",0.9,14.5,"Grass","Poison","75 (9.8%)",75,5140,"5396 "
408,"Cranidos",67,125,40,30,30,58,350,58.33,"7710 - 7966 ",0.9,31.5,"Rock","Unknown","45 (5.9%)",45,7710,"7966 "
409,"Rampardos",97,165,60,65,50,58,495,82.5,"7710 - 7966 ",1.6,102.5,"Rock","Unknown","45 (5.9%)",45,7710,"7966 "
410,"Shieldon",30,42,118,42,88,30,350,58.33,"7710 - 7966 ",0.5,57,"Rock","Steel","45 (5.9%)",45,7710,"7966 "
411,"Bastiodon",60,52,168,47,138,30,495,82.5,"7710 - 7966 ",1.3,149.5,"Rock","Steel","45 (5.9%)",45,7710,"7966 "
412,"Burmy",40,29,45,29,45,36,224,37.33,"3855 - 4111 ",0.2,3.4,"Bug","Unknown","120 (15.7%)",120,3855,"4111 "
413,"Wormadam",60,59,85,79,105,36,424,70.67,"3855 - 4111 ",0.5,6.5,"Bug","Grass","45 (5.9%)",45,3855,"4111 "
414,"Mothim",70,94,50,94,50,66,424,70.67,"3855 - 4111 ",0.9,23.3,"Bug","Flying","45 (5.9%)",45,3855,"4111 "
415,"Combee",30,30,42,30,42,70,244,40.67,"3855 - 4111 ",0.3,5.5,"Bug","Flying","120 (15.7%)",120,3855,"4111 "
416,"Vespiquen",70,80,102,80,102,40,474,79,"3855 - 4111 ",1.2,38.5,"Bug","Flying","45 (5.9%)",45,3855,"4111 "
417,"Pachirisu",60,45,70,45,90,95,405,67.5,"2570 - 2826 ",0.4,3.9,"Electric","Unknown","200 (26.1%)",200,2570,"2826 "
418,"Buizel",55,65,35,60,30,85,330,55,"5140 - 5396 ",0.7,29.5,"Water","Unknown","190 (24.8%)",190,5140,"5396 "
419,"Floatzel",85,105,55,85,50,115,495,82.5,"5140 - 5396 ",1.1,33.5,"Water","Unknown","75 (9.8%)",75,5140,"5396 "
420,"Cherubi",45,35,45,62,53,35,275,45.83,"5140 - 5396 ",0.4,3.3,"Grass","Unknown","190 (24.8%)",190,5140,"5396 "
421,"Cherrim",70,60,70,87,78,85,450,75,"5140 - 5396 ",0.5,9.3,"Grass","Unknown","75 (9.8%)",75,5140,"5396 "
422,"Shellos",76,48,48,57,62,34,325,54.17,"5140 - 5396 ",0.3,6.3,"Water","Unknown","190 (24.8%)",190,5140,"5396 "
423,"Gastrodon",111,83,68,92,82,39,475,79.17,"5140 - 5396 ",0.9,29.9,"Water","Ground","75 (9.8%)",75,5140,"5396 "
424,"Ambipom",75,100,66,60,66,115,482,80.33,"5140 - 5396 ",1.2,20.3,"Normal","Unknown","45 (5.9%)",45,5140,"5396 "
425,"Drifloon",90,50,34,60,44,70,348,58,"7710 - 7966 ",0.4,1.2,"Ghost","Flying","125 (16.3%)",125,7710,"7966 "
426,"Drifblim",150,80,44,90,54,80,498,83,"7710 - 7966 ",1.2,15,"Ghost","Flying","60 (7.8%)",60,7710,"7966 "
427,"Buneary",55,66,44,44,56,85,350,58.33,"5140 - 5396 ",0.4,5.5,"Normal","Unknown","190 (24.8%)",190,5140,"5396 "
428,"Lopunny",65,76,84,54,96,105,480,80,"5140 - 5396 ",1.2,33.3,"Normal","Unknown","60 (7.8%)",60,5140,"5396 "
429,"Mismagius",60,60,60,105,105,105,495,82.5,"6425 - 6681 ",0.9,4.4,"Ghost","Unknown","45 (5.9%)",45,6425,"6681 "
430,"Honchkrow",100,125,52,105,52,71,505,84.17,"5140 - 5396 ",0.9,27.3,"Dark","Flying","30 (3.9%)",30,5140,"5396 "
431,"Glameow",49,55,42,42,37,85,310,51.67,"5140 - 5396 ",0.5,3.9,"Normal","Unknown","190 (24.8%)",190,5140,"5396 "
432,"Purugly",71,82,64,64,59,112,452,75.33,"5140 - 5396 ",1,43.8,"Normal","Unknown","75 (9.8%)",75,5140,"5396 "
433,"Chingling",45,30,50,65,50,45,285,47.5,"6425 - 6681 ",0.2,0.6,"Psychic","Unknown","120 (15.7%)",120,6425,"6681 "
434,"Stunky",63,63,47,41,41,74,329,54.83,"5140 - 5396 ",0.4,19.2,"Poison","Dark","225 (29.4%)",225,5140,"5396 "
435,"Skuntank",103,93,67,71,61,84,479,79.83,"5140 - 5396 ",1,38,"Poison","Dark","60 (7.8%)",60,5140,"5396 "
436,"Bronzor",57,24,86,24,86,23,300,50,"5140 - 5396 ",0.5,60.5,"Steel","Psychic","255 (33.3%)",255,5140,"5396 "
437,"Bronzong",67,89,116,79,116,33,500,83.33,"5140 - 5396 ",1.3,187,"Steel","Psychic","90 (11.8%)",90,5140,"5396 "
438,"Bonsly",50,80,95,10,45,10,290,48.33,"5140 - 5396 ",0.5,15,"Rock","Unknown","255 (33.3%)",255,5140,"5396 "
439,"Mime_Jr.",20,25,45,70,90,60,310,51.67,"6425 - 6681 ",0.6,13,"Psychic","Fairy","145 (19%)",145,6425,"6681 "
440,"Happiny",100,5,5,15,65,30,220,36.67,"10280 - 10536 ",0.6,24.4,"Normal","Unknown","130 (17%)",130,10280,"10536 "
441,"Chatot",76,65,45,92,42,91,411,68.5,"5140 - 5396 ",0.5,1.9,"Normal","Flying","30 (3.9%)",30,5140,"5396 "
442,"Spiritomb",50,92,108,92,108,35,485,80.83,"7710 - 7966 ",1,108,"Ghost","Dark","100 (13.1%)",100,7710,"7966 "
443,"Gible",58,70,45,40,45,42,300,50,"10280 - 10536 ",0.7,20.5,"Dragon","Ground","45 (5.9%)",45,10280,"10536 "
444,"Gabite",68,90,65,50,55,82,410,68.33,"10280 - 10536 ",1.4,56,"Dragon","Ground","45 (5.9%)",45,10280,"10536 "
445,"Garchomp",108,130,95,80,85,102,600,100,"10280 - 10536 ",1.9,95,"Dragon","Ground","45 (5.9%)",45,10280,"10536 "
446,"Munchlax",135,85,40,40,85,5,390,65,"10280 - 10536 ",0.6,105,"Normal","Unknown","50 (6.5%)",50,10280,"10536 "
447,"Riolu",40,70,40,35,40,60,285,47.5,"6425 - 6681 ",0.7,20.2,"Fighting","Unknown","75 (9.8%)",75,6425,"6681 "
448,"Lucario",70,110,70,115,70,90,525,87.5,"6425 - 6681 ",1.2,54,"Fighting","Steel","45 (5.9%)",45,6425,"6681 "
449,"Hippopotas",68,72,78,38,42,32,330,55,"7710 - 7966 ",0.8,49.5,"Ground","Unknown","140 (18.3%)",140,7710,"7966 "
450,"Hippowdon",108,112,118,68,72,47,525,87.5,"7710 - 7966 ",2,300,"Ground","Unknown","60 (7.8%)",60,7710,"7966 "
451,"Skorupi",40,50,90,30,55,65,330,55,"5140 - 5396 ",0.8,12,"Poison","Bug","120 (15.7%)",120,5140,"5396 "
452,"Drapion",70,90,110,60,75,95,500,83.33,"5140 - 5396 ",1.3,61.5,"Poison","Dark","45 (5.9%)",45,5140,"5396 "
453,"Croagunk",48,61,40,61,40,50,300,50,"2570 - 2826 ",0.7,23,"Poison","Fighting","140 (18.3%)",140,2570,"2826 "
454,"Toxicroak",83,106,65,86,65,85,490,81.67,"5140 - 5396 ",1.3,44.4,"Poison","Fighting","75 (9.8%)",75,5140,"5396 "
455,"Carnivine",74,100,72,90,72,46,454,75.67,"6425 - 6681 ",1.4,27,"Grass","Unknown","200 (26.1%)",200,6425,"6681 "
456,"Finneon",49,49,56,49,61,66,330,55,"5140 - 5396 ",0.4,7,"Water","Unknown","190 (24.8%)",190,5140,"5396 "
457,"Lumineon",69,69,76,69,86,91,460,76.67,"5140 - 5396 ",1.2,24,"Water","Unknown","75 (9.8%)",75,5140,"5396 "
458,"Mantyke",45,20,50,60,120,50,345,57.5,"6425 - 6681 ",1,65,"Water","Flying","25 (3.3%)",25,6425,"6681 "
459,"Snover",60,62,50,62,60,40,334,55.67,"5140 - 5396 ",1,50.5,"Grass","Ice","120 (15.7%)",120,5140,"5396 "
460,"Abomasnow",90,92,75,92,85,60,494,82.33,"5140 - 5396 ",2.2,135.5,"Grass","Ice","60 (7.8%)",60,5140,"5396 "
461,"Weavile",70,120,65,45,85,125,510,85,"5140 - 5396 ",1.1,34,"Dark","Ice","45 (5.9%)",45,5140,"5396 "
462,"Magnezone",70,70,115,130,90,60,535,89.17,"5140 - 5396 ",1.2,180,"Electric","Steel","30 (3.9%)",30,5140,"5396 "
463,"Lickilicky",110,85,95,80,95,50,515,85.83,"5140 - 5396 ",1.7,140,"Normal","Unknown","30 (3.9%)",30,5140,"5396 "
464,"Rhyperior",115,140,130,55,55,40,535,89.17,"5140 - 5396 ",2.4,282.8,"Ground","Rock","30 (3.9%)",30,5140,"5396 "
465,"Tangrowth",100,100,125,110,50,50,535,89.17,"5140 - 5396 ",2,128.6,"Grass","Unknown","30 (3.9%)",30,5140,"5396 "
466,"Electivire",75,123,67,95,85,95,540,90,"6425 - 6681 ",1.8,138.6,"Electric","Unknown","30 (3.9%)",30,6425,"6681 "
467,"Magmortar",75,95,67,125,95,83,540,90,"6425 - 6681 ",1.6,68,"Fire","Unknown","30 (3.9%)",30,6425,"6681 "
468,"Togekiss",85,50,95,120,115,80,545,90.83,"2570 - 2826 ",1.5,38,"Fairy","Flying","30 (3.9%)",30,2570,"2826 "
469,"Yanmega",86,76,86,116,56,95,515,85.83,"5140 - 5396 ",1.9,51.5,"Bug","Flying","30 (3.9%)",30,5140,"5396 "
470,"Leafeon",65,110,130,60,65,95,525,87.5,"8995 - 9251 ",1,25.5,"Grass","Unknown","45 (5.9%)",45,8995,"9251 "
471,"Glaceon",65,60,110,130,95,65,525,87.5,"8995 - 9251 ",0.8,25.9,"Ice","Unknown","45 (5.9%)",45,8995,"9251 "
472,"Gliscor",75,95,125,45,75,95,510,85,"5140 - 5396 ",2,42.5,"Ground","Flying","30 (3.9%)",30,5140,"5396 "
473,"Mamoswine",110,130,80,70,60,80,530,88.33,"5140 - 5396 ",2.5,291,"Ice","Ground","50 (6.5%)",50,5140,"5396 "
474,"Porygon-Z",85,80,70,135,75,90,535,89.17,"5140 - 5396 ",0.9,34,"Normal","Unknown","30 (3.9%)",30,5140,"5396 "
475,"Gallade",68,125,65,65,115,80,518,86.33,"5140 - 5396 ",1.6,52,"Psychic","Fighting","45 (5.9%)",45,5140,"5396 "
476,"Probopass",60,55,145,75,150,40,525,87.5,"5140 - 5396 ",1.4,340,"Rock","Steel","60 (7.8%)",60,5140,"5396 "
477,"Dusknoir",45,100,135,65,135,45,525,87.5,"6425 - 6681 ",2.2,106.6,"Ghost","Unknown","45 (5.9%)",45,6425,"6681 "
478,"Froslass",70,80,70,80,70,110,480,80,"5140 - 5396 ",1.3,26.6,"Ice","Ghost","75 (9.8%)",75,5140,"5396 "
479,"Rotom",50,50,77,95,77,91,440,73.33,"5140 - 5396 ",0.3,0.3,"Electric","Ghost","45 (5.9%)",45,5140,"5396 "
480,"Uxie",75,75,130,75,130,95,580,96.67,"20560 - 20816 ",0.3,0.3,"Psychic","Unknown","3 (0.4%)",3,20560,"20816 "
481,"Mesprit",80,105,105,105,105,80,580,96.67,"20560 - 20816 ",0.3,0.3,"Psychic","Unknown","3 (0.4%)",3,20560,"20816 "
482,"Azelf",75,125,70,125,70,115,580,96.67,"20560 - 20816 ",0.3,0.3,"Psychic","Unknown","3 (0.4%)",3,20560,"20816 "
483,"Dialga",100,120,120,150,100,90,680,113.33,"30840 - 31096 ",5.4,683,"Steel","Dragon","3 (0.4%)",3,30840,"31096 "
484,"Palkia",90,120,100,150,120,100,680,113.33,"30840 - 31096 ",4.2,336,"Water","Dragon","3 (0.4%)",3,30840,"31096 "
485,"Heatran",91,90,106,130,106,77,600,100,"2570 - 2826 ",1.7,430,"Fire","Steel","3 (0.4%)",3,2570,"2826 "
486,"Regigigas",110,160,110,80,110,100,670,111.67,"30840 - 31096 ",3.7,420,"Normal","Unknown","3 (0.4%)",3,30840,"31096 "
487,"Giratina",150,100,120,100,120,90,680,113.33,"30840 - 31096 ",4.5,750,"Ghost","Dragon","3 (0.4%)",3,30840,"31096 "
488,"Cresselia",120,70,120,75,130,85,600,100,"30840 - 31096 ",1.5,85.6,"Psychic","Unknown","3 (0.4%)",3,30840,"31096 "
489,"Phione",80,80,80,80,80,80,480,80,"10280 - 10536 ",0.4,3.1,"Water","Unknown","30 (3.9%)",30,10280,"10536 "
490,"Manaphy",100,100,100,100,100,100,600,100,"2570 - 2826 ",0.3,1.4,"Water","Unknown","3 (0.4%)",3,2570,"2826 "
491,"Darkrai",70,90,90,135,90,125,600,100,"30840 - 31096 ",1.5,50.5,"Dark","Unknown","3 (0.4%)",3,30840,"31096 "
492,"Shaymin",100,100,100,100,100,100,600,100,"30840 - 31096 ",0.2,2.1,"Grass","Unknown","45 (5.9%)",45,30840,"31096 "
493,"Arceus",120,120,120,120,120,120,720,120,"30840 - 31096 ",3.2,320,"Normal","Unknown","3 (0.4%)",3,30840,"31096 "
494,"Victini",100,100,100,100,100,100,600,100,"30840 - 31096 ",0.4,4,"Psychic","Fire","3 (0.4%)",3,30840,"31096 "
495,"Snivy",45,45,55,45,55,63,308,51.33,"5140 - 5396 ",0.6,8.1,"Grass","Unknown","45 (5.9%)",45,5140,"5396 "
496,"Servine",60,60,75,60,75,83,413,68.83,"5140 - 5396 ",0.8,16,"Grass","Unknown","45 (5.9%)",45,5140,"5396 "
497,"Serperior",75,75,95,75,95,113,528,88,"5140 - 5396 ",3.3,63,"Grass","Unknown","45 (5.9%)",45,5140,"5396 "
498,"Tepig",65,63,45,45,45,45,308,51.33,"5140 - 5396 ",0.5,9.9,"Fire","Unknown","45 (5.9%)",45,5140,"5396 "
499,"Pignite",90,93,55,70,55,55,418,69.67,"5140 - 5396 ",1,55.5,"Fire","Fighting","45 (5.9%)",45,5140,"5396 "
500,"Emboar",110,123,65,100,65,65,528,88,"5140 - 5396 ",1.6,150,"Fire","Fighting","45 (5.9%)",45,5140,"5396 "
501,"Oshawott",55,55,45,63,45,45,308,51.33,"5140 - 5396 ",0.5,5.9,"Water","Unknown","45 (5.9%)",45,5140,"5396 "
502,"Dewott",75,75,60,83,60,60,413,68.83,"5140 - 5396 ",0.8,24.5,"Water","Unknown","45 (5.9%)",45,5140,"5396 "
503,"Samurott",95,100,85,108,70,70,528,88,"5140 - 5396 ",1.5,94.6,"Water","Unknown","45 (5.9%)",45,5140,"5396 "
504,"Patrat",45,55,39,35,39,42,255,42.5,"3855 - 4111 ",0.5,11.6,"Normal","Unknown","255 (33.3%)",255,3855,"4111 "
505,"Watchog",60,85,69,60,69,77,420,70,"5140 - 5396 ",1.1,27,"Normal","Unknown","255 (33.3%)",255,5140,"5396 "
506,"Lillipup",45,60,45,25,45,55,275,45.83,"3855 - 4111 ",0.4,4.1,"Normal","Unknown","255 (33.3%)",255,3855,"4111 "
507,"Herdier",65,80,65,35,65,60,370,61.67,"3855 - 4111 ",0.9,14.7,"Normal","Unknown","120 (15.7%)",120,3855,"4111 "
508,"Stoutland",85,110,90,45,90,80,500,83.33,"3855 - 4111 ",1.2,61,"Normal","Unknown","45 (5.9%)",45,3855,"4111 "
509,"Purrloin",41,50,37,50,37,66,281,46.83,"5140 - 5396 ",0.4,10.1,"Dark","Unknown","255 (33.3%)",255,5140,"5396 "
510,"Liepard",64,88,50,88,50,106,446,74.33,"5140 - 5396 ",1.1,37.5,"Dark","Unknown","90 (11.8%)",90,5140,"5396 "
511,"Pansage",50,53,48,53,48,64,316,52.67,"5140 - 5396 ",0.6,10.5,"Grass","Unknown","190 (24.8%)",190,5140,"5396 "
512,"Simisage",75,98,63,98,63,101,498,83,"5140 - 5396 ",1.1,30.5,"Grass","Unknown","75 (9.8%)",75,5140,"5396 "
513,"Pansear",50,53,48,53,48,64,316,52.67,"5140 - 5396 ",0.6,11,"Fire","Unknown","190 (24.8%)",190,5140,"5396 "
514,"Simisear",75,98,63,98,63,101,498,83,"5140 - 5396 ",1,28,"Fire","Unknown","75 (9.8%)",75,5140,"5396 "
515,"Panpour",50,53,48,53,48,64,316,52.67,"5140 - 5396 ",0.6,13.5,"Water","Unknown","190 (24.8%)",190,5140,"5396 "
516,"Simipour",75,98,63,98,63,101,498,83,"5140 - 5396 ",1,29,"Water","Unknown","75 (9.8%)",75,5140,"5396 "
517,"Munna",76,25,45,67,55,24,292,48.67,"2570 - 2826 ",0.6,23.3,"Psychic","Unknown","190 (24.8%)",190,2570,"2826 "
518,"Musharna",116,55,85,107,95,29,487,81.17,"2570 - 2826 ",1.1,60.5,"Psychic","Unknown","75 (9.8%)",75,2570,"2826 "
519,"Pidove",50,55,50,36,30,43,264,44,"3855 - 4111 ",0.3,2.1,"Normal","Flying","255 (33.3%)",255,3855,"4111 "
520,"Tranquill",62,77,62,50,42,65,358,59.67,"3855 - 4111 ",0.6,15,"Normal","Flying","120 (15.7%)",120,3855,"4111 "
521,"Unfezant",80,115,80,65,55,93,488,81.33,"3855 - 4111 ",1.2,29,"Normal","Flying","45 (5.9%)",45,3855,"4111 "
522,"Blitzle",45,60,32,50,32,76,295,49.17,"5140 - 5396 ",0.8,29.8,"Electric","Unknown","190 (24.8%)",190,5140,"5396 "
523,"Zebstrika",75,100,63,80,63,116,497,82.83,"5140 - 5396 ",1.6,79.5,"Electric","Unknown","75 (9.8%)",75,5140,"5396 "
524,"Roggenrola",55,75,85,25,25,15,280,46.67,"3855 - 4111 ",0.4,18,"Rock","Unknown","255 (33.3%)",255,3855,"4111 "
525,"Boldore",70,105,105,50,40,20,390,65,"3855 - 4111 ",0.9,102,"Rock","Unknown","120 (15.7%)",120,3855,"4111 "
526,"Gigalith",85,135,130,60,80,25,515,85.83,"3855 - 4111 ",1.7,260,"Rock","Unknown","45 (5.9%)",45,3855,"4111 "
527,"Woobat",65,45,43,55,43,72,323,53.83,"3855 - 4111 ",0.4,2.1,"Psychic","Flying","190 (24.8%)",190,3855,"4111 "
528,"Swoobat",67,57,55,77,55,114,425,70.83,"3855 - 4111 ",0.9,10.5,"Psychic","Flying","45 (5.9%)",45,3855,"4111 "
529,"Drilbur",60,85,40,30,45,68,328,54.67,"5140 - 5396 ",0.3,8.5,"Ground","Unknown","120 (15.7%)",120,5140,"5396 "
530,"Excadrill",110,135,60,50,65,88,508,84.67,"5140 - 5396 ",0.7,40.4,"Ground","Steel","60 (7.8%)",60,5140,"5396 "
531,"Audino",103,60,86,60,86,50,445,74.17,"5140 - 5396 ",1.1,31,"Normal","Unknown","255 (33.3%)",255,5140,"5396 "
532,"Timburr",75,80,55,25,35,35,305,50.83,"5140 - 5396 ",0.6,12.5,"Fighting","Unknown","180 (23.5%)",180,5140,"5396 "
533,"Gurdurr",85,105,85,40,50,40,405,67.5,"5140 - 5396 ",1.2,40,"Fighting","Unknown","90 (11.8%)",90,5140,"5396 "
534,"Conkeldurr",105,140,95,55,65,45,505,84.17,"5140 - 5396 ",1.4,87,"Fighting","Unknown","45 (5.9%)",45,5140,"5396 "
535,"Tympole",50,50,40,50,40,64,294,49,"5140 - 5396 ",0.5,4.5,"Water","Unknown","255 (33.3%)",255,5140,"5396 "
536,"Palpitoad",75,65,55,65,55,69,384,64,"5140 - 5396 ",0.8,17,"Water","Ground","120 (15.7%)",120,5140,"5396 "
537,"Seismitoad",105,95,75,85,75,74,509,84.83,"5140 - 5396 ",1.5,62,"Water","Ground","45 (5.9%)",45,5140,"5396 "
538,"Throh",120,100,85,30,85,45,465,77.5,"5140 - 5396 ",1.3,55.5,"Fighting","Unknown","45 (5.9%)",45,5140,"5396 "
539,"Sawk",75,125,75,30,75,85,465,77.5,"5140 - 5396 ",1.4,51,"Fighting","Unknown","45 (5.9%)",45,5140,"5396 "
540,"Sewaddle",45,53,70,40,60,42,310,51.67,"3855 - 4111 ",0.3,2.5,"Bug","Grass","255 (33.3%)",255,3855,"4111 "
541,"Swadloon",55,63,90,50,80,42,380,63.33,"3855 - 4111 ",0.5,7.3,"Bug","Grass","120 (15.7%)",120,3855,"4111 "
542,"Leavanny",75,103,80,70,80,92,500,83.33,"3855 - 4111 ",1.2,20.5,"Bug","Grass","45 (5.9%)",45,3855,"4111 "
543,"Venipede",30,45,59,30,39,57,260,43.33,"3855 - 4111 ",0.4,5.3,"Bug","Poison","255 (33.3%)",255,3855,"4111 "
544,"Whirlipede",40,55,99,40,79,47,360,60,"3855 - 4111 ",1.2,58.5,"Bug","Poison","120 (15.7%)",120,3855,"4111 "
545,"Scolipede",60,100,89,55,69,112,485,80.83,"5140 - 5396 ",2.5,200.5,"Bug","Poison","45 (5.9%)",45,5140,"5396 "
546,"Cottonee",40,27,60,37,50,66,280,46.67,"5140 - 5396 ",0.3,0.6,"Grass","Fairy","190 (24.8%)",190,5140,"5396 "
547,"Whimsicott",60,67,85,77,75,116,480,80,"5140 - 5396 ",0.7,6.6,"Grass","Fairy","75 (9.8%)",75,5140,"5396 "
548,"Petilil",45,35,50,70,50,30,280,46.67,"5140 - 5396 ",0.5,6.6,"Grass","Unknown","190 (24.8%)",190,5140,"5396 "
549,"Lilligant",70,60,75,110,75,90,480,80,"5140 - 5396 ",1.1,16.3,"Grass","Unknown","75 (9.8%)",75,5140,"5396 "
550,"Basculin",70,92,65,80,55,98,460,76.67,"10280 - 10536 ",1,18,"Water","Unknown","25 (3.3%)",25,10280,"10536 "
551,"Sandile",50,72,35,35,35,65,292,48.67,"5140 - 5396 ",0.7,15.2,"Ground","Dark","180 (23.5%)",180,5140,"5396 "
552,"Krokorok",60,82,45,45,45,74,351,58.5,"5140 - 5396 ",1,33.4,"Ground","Dark","90 (11.8%)",90,5140,"5396 "
553,"Krookodile",95,117,80,65,70,92,519,86.5,"5140 - 5396 ",1.5,96.3,"Ground","Dark","45 (5.9%)",45,5140,"5396 "
554,"Darumaka",70,90,45,15,45,50,315,52.5,"5140 - 5396 ",0.6,37.5,"Fire","Unknown","120 (15.7%)",120,5140,"5396 "
555,"Darmanitan",105,140,55,30,55,95,480,80,"5140 - 5396 ",1.3,92.9,"Fire","Unknown","60 (7.8%)",60,5140,"5396 "
556,"Maractus",75,86,67,106,67,60,461,76.83,"5140 - 5396 ",1,28,"Grass","Unknown","255 (33.3%)",255,5140,"5396 "
557,"Dwebble",50,65,85,35,35,55,325,54.17,"5140 - 5396 ",0.3,14.5,"Bug","Rock","190 (24.8%)",190,5140,"5396 "
558,"Crustle",70,105,125,65,75,45,485,80.83,"5140 - 5396 ",1.4,200,"Bug","Rock","75 (9.8%)",75,5140,"5396 "
559,"Scraggy",50,75,70,35,70,48,348,58,"3855 - 4111 ",0.6,11.8,"Dark","Fighting","180 (23.5%)",180,3855,"4111 "
560,"Scrafty",65,90,115,45,115,58,488,81.33,"3855 - 4111 ",1.1,30,"Dark","Fighting","90 (11.8%)",90,3855,"4111 "
561,"Sigilyph",72,58,80,103,80,97,490,81.67,"5140 - 5396 ",1.4,14,"Psychic","Flying","45 (5.9%)",45,5140,"5396 "
562,"Yamask",38,30,85,55,65,30,303,50.5,"6425 - 6681 ",0.5,1.5,"Ghost","Unknown","190 (24.8%)",190,6425,"6681 "
563,"Cofagrigus",58,50,145,95,105,30,483,80.5,"6425 - 6681 ",1.7,76.5,"Ghost","Unknown","90 (11.8%)",90,6425,"6681 "
564,"Tirtouga",54,78,103,53,45,22,355,59.17,"7710 - 7966 ",0.7,16.5,"Water","Rock","45 (5.9%)",45,7710,"7966 "
565,"Carracosta",74,108,133,83,65,32,495,82.5,"7710 - 7966 ",1.2,81,"Water","Rock","45 (5.9%)",45,7710,"7966 "
566,"Archen",55,112,45,74,45,70,401,66.83,"7710 - 7966 ",0.6,9.5,"Rock","Flying","45 (5.9%)",45,7710,"7966 "
567,"Archeops",75,140,65,112,65,110,567,94.5,"7710 - 7966 ",1.4,32,"Rock","Flying","45 (5.9%)",45,7710,"7966 "
568,"Trubbish",50,50,62,40,62,65,329,54.83,"5140 - 5396 ",0.6,31,"Poison","Unknown","190 (24.8%)",190,5140,"5396 "
569,"Garbodor",80,95,82,60,82,75,474,79,"5140 - 5396 ",1.9,107.3,"Poison","Unknown","60 (7.8%)",60,5140,"5396 "
570,"Zorua",40,65,40,80,40,65,330,55,"6425 - 6681 ",0.7,12.5,"Dark","Unknown","75 (9.8%)",75,6425,"6681 "
571,"Zoroark",60,105,60,120,60,105,510,85,"5140 - 5396 ",1.6,81.1,"Dark","Unknown","45 (5.9%)",45,5140,"5396 "
572,"Minccino",55,50,40,40,40,75,300,50,"3855 - 4111 ",0.4,5.8,"Normal","Unknown","255 (33.3%)",255,3855,"4111 "
573,"Cinccino",75,95,60,65,60,115,470,78.33,"3855 - 4111 ",0.5,7.5,"Normal","Unknown","60 (7.8%)",60,3855,"4111 "
574,"Gothita",45,30,50,55,65,45,290,48.33,"5140 - 5396 ",0.4,5.8,"Psychic","Unknown","200 (26.1%)",200,5140,"5396 "
575,"Gothorita",60,45,70,75,85,55,390,65,"5140 - 5396 ",0.7,18,"Psychic","Unknown","100 (13.1%)",100,5140,"5396 "
576,"Gothitelle",70,55,95,95,110,65,490,81.67,"5140 - 5396 ",1.5,44,"Psychic","Unknown","50 (6.5%)",50,5140,"5396 "
577,"Solosis",45,30,40,105,50,20,290,48.33,"5140 - 5396 ",0.3,1,"Psychic","Unknown","200 (26.1%)",200,5140,"5396 "
578,"Duosion",65,40,50,125,60,30,370,61.67,"5140 - 5396 ",0.6,8,"Psychic","Unknown","100 (13.1%)",100,5140,"5396 "
579,"Reuniclus",110,65,75,125,85,30,490,81.67,"5140 - 5396 ",1,20.1,"Psychic","Unknown","50 (6.5%)",50,5140,"5396 "
580,"Ducklett",62,44,50,44,50,55,305,50.83,"5140 - 5396 ",0.5,5.5,"Water","Flying","190 (24.8%)",190,5140,"5396 "
581,"Swanna",75,87,63,87,63,98,473,78.83,"5140 - 5396 ",1.3,24.2,"Water","Flying","45 (5.9%)",45,5140,"5396 "
582,"Vanillite",36,50,50,65,60,44,305,50.83,"5140 - 5396 ",0.4,5.7,"Ice","Unknown","255 (33.3%)",255,5140,"5396 "
583,"Vanillish",51,65,65,80,75,59,395,65.83,"5140 - 5396 ",1.1,41,"Ice","Unknown","120 (15.7%)",120,5140,"5396 "
584,"Vanilluxe",71,95,85,110,95,79,535,89.17,"5140 - 5396 ",1.3,57.5,"Ice","Unknown","45 (5.9%)",45,5140,"5396 "
585,"Deerling",60,60,50,40,50,75,335,55.83,"5140 - 5396 ",0.6,19.5,"Normal","Grass","190 (24.8%)",190,5140,"5396 "
586,"Sawsbuck",80,100,70,60,70,95,475,79.17,"5140 - 5396 ",1.9,92.5,"Normal","Grass","75 (9.8%)",75,5140,"5396 "
587,"Emolga",55,75,60,75,60,103,428,71.33,"5140 - 5396 ",0.4,5,"Electric","Flying","200 (26.1%)",200,5140,"5396 "
588,"Karrablast",50,75,45,40,45,60,315,52.5,"3855 - 4111 ",0.5,5.9,"Bug","Unknown","200 (26.1%)",200,3855,"4111 "
589,"Escavalier",70,135,105,60,105,20,495,82.5,"3855 - 4111 ",1,33,"Bug","Steel","75 (9.8%)",75,3855,"4111 "
590,"Foongus",69,55,45,55,55,15,294,49,"5140 - 5396 ",0.2,1,"Grass","Poison","190 (24.8%)",190,5140,"5396 "
591,"Amoonguss",114,85,70,85,80,30,464,77.33,"5140 - 5396 ",0.6,10.5,"Grass","Poison","75 (9.8%)",75,5140,"5396 "
592,"Frillish",55,40,50,65,85,40,335,55.83,"5140 - 5396 ",1.2,33,"Water","Ghost","190 (24.8%)",190,5140,"5396 "
593,"Jellicent",100,60,70,85,105,60,480,80,"5140 - 5396 ",2.2,135,"Water","Ghost","60 (7.8%)",60,5140,"5396 "
594,"Alomomola",165,75,80,40,45,65,470,78.33,"10280 - 10536 ",1.2,31.6,"Water","Unknown","75 (9.8%)",75,10280,"10536 "
595,"Joltik",50,47,50,57,50,65,319,53.17,"5140 - 5396 ",0.1,0.6,"Bug","Electric","190 (24.8%)",190,5140,"5396 "
596,"Galvantula",70,77,60,97,60,108,472,78.67,"5140 - 5396 ",0.8,14.3,"Bug","Electric","75 (9.8%)",75,5140,"5396 "
597,"Ferroseed",44,50,91,24,86,10,305,50.83,"5140 - 5396 ",0.6,18.8,"Grass","Steel","255 (33.3%)",255,5140,"5396 "
598,"Ferrothorn",74,94,131,54,116,20,489,81.5,"5140 - 5396 ",1,110,"Grass","Steel","90 (11.8%)",90,5140,"5396 "
599,"Klink",40,55,70,45,60,30,300,50,"5140 - 5396 ",0.3,21,"Steel","Unknown","130 (17%)",130,5140,"5396 "
600,"Klang",60,80,95,70,85,50,440,73.33,"5140 - 5396 ",0.6,51,"Steel","Unknown","60 (7.8%)",60,5140,"5396 "
601,"Klinklang",60,100,115,70,85,90,520,86.67,"5140 - 5396 ",0.6,81,"Steel","Unknown","30 (3.9%)",30,5140,"5396 "
602,"Tynamo",35,55,40,45,40,60,275,45.83,"5140 - 5396 ",0.2,0.3,"Electric","Unknown","190 (24.8%)",190,5140,"5396 "
603,"Eelektrik",65,85,70,75,70,40,405,67.5,"5140 - 5396 ",1.2,22,"Electric","Unknown","60 (7.8%)",60,5140,"5396 "
604,"Eelektross",85,115,80,105,80,50,515,85.83,"5140 - 5396 ",2.1,80.5,"Electric","Unknown","30 (3.9%)",30,5140,"5396 "
605,"Elgyem",55,55,55,85,55,30,335,55.83,"5140 - 5396 ",0.5,9,"Psychic","Unknown","255 (33.3%)",255,5140,"5396 "
606,"Beheeyem",75,75,75,125,95,40,485,80.83,"5140 - 5396 ",1,34.5,"Psychic","Unknown","90 (11.8%)",90,5140,"5396 "
607,"Litwick",50,30,55,65,55,20,275,45.83,"5140 - 5396 ",0.3,3.1,"Ghost","Fire","190 (24.8%)",190,5140,"5396 "
608,"Lampent",60,40,60,95,60,55,370,61.67,"5140 - 5396 ",0.6,13,"Ghost","Fire","90 (11.8%)",90,5140,"5396 "
609,"Chandelure",60,55,90,145,90,80,520,86.67,"5140 - 5396 ",1,34.3,"Ghost","Fire","45 (5.9%)",45,5140,"5396 "
610,"Axew",46,87,60,30,40,57,320,53.33,"10280 - 10536 ",0.6,18,"Dragon","Unknown","75 (9.8%)",75,10280,"10536 "
611,"Fraxure",66,117,70,40,50,67,410,68.33,"10280 - 10536 ",1,36,"Dragon","Unknown","60 (7.8%)",60,10280,"10536 "
612,"Haxorus",76,147,90,60,70,97,540,90,"10280 - 10536 ",1.8,105.5,"Dragon","Unknown","45 (5.9%)",45,10280,"10536 "
613,"Cubchoo",55,70,40,60,40,40,305,50.83,"5140 - 5396 ",0.5,8.5,"Ice","Unknown","120 (15.7%)",120,5140,"5396 "
614,"Beartic",95,130,80,70,80,50,505,84.17,"5140 - 5396 ",2.6,260,"Ice","Unknown","60 (7.8%)",60,5140,"5396 "
615,"Cryogonal",80,50,50,95,135,105,515,85.83,"6425 - 6681 ",1.1,148,"Ice","Unknown","25 (3.3%)",25,6425,"6681 "
616,"Shelmet",50,40,85,40,65,25,305,50.83,"3855 - 4111 ",0.4,7.7,"Bug","Unknown","200 (26.1%)",200,3855,"4111 "
617,"Accelgor",80,70,40,100,60,145,495,82.5,"3855 - 4111 ",0.8,25.3,"Bug","Unknown","75 (9.8%)",75,3855,"4111 "
618,"Stunfisk",109,66,84,81,99,32,471,78.5,"5140 - 5396 ",0.7,11,"Ground","Electric","75 (9.8%)",75,5140,"5396 "
619,"Mienfoo",45,85,50,55,50,65,350,58.33,"6425 - 6681 ",0.9,20,"Fighting","Unknown","180 (23.5%)",180,6425,"6681 "
620,"Mienshao",65,125,60,95,60,105,510,85,"6425 - 6681 ",1.4,35.5,"Fighting","Unknown","45 (5.9%)",45,6425,"6681 "
621,"Druddigon",77,120,90,60,90,48,485,80.83,"7710 - 7966 ",1.6,139,"Dragon","Unknown","45 (5.9%)",45,7710,"7966 "
622,"Golett",59,74,50,35,50,35,303,50.5,"6425 - 6681 ",1,92,"Ground","Ghost","190 (24.8%)",190,6425,"6681 "
623,"Golurk",89,124,80,55,80,55,483,80.5,"6425 - 6681 ",2.8,330,"Ground","Ghost","90 (11.8%)",90,6425,"6681 "
624,"Pawniard",45,85,70,40,40,60,340,56.67,"5140 - 5396 ",0.5,10.2,"Dark","Steel","120 (15.7%)",120,5140,"5396 "
625,"Bisharp",65,125,100,60,70,70,490,81.67,"5140 - 5396 ",1.6,70,"Dark","Steel","45 (5.9%)",45,5140,"5396 "
626,"Bouffalant",95,110,95,40,95,55,490,81.67,"5140 - 5396 ",1.6,94.5,"Normal","Unknown","45 (5.9%)",45,5140,"5396 "
627,"Rufflet",70,83,50,37,50,60,350,58.33,"5140 - 5396 ",0.5,10.5,"Normal","Flying","190 (24.8%)",190,5140,"5396 "
628,"Braviary",100,123,75,57,75,80,510,85,"5140 - 5396 ",1.5,41,"Normal","Flying","60 (7.8%)",60,5140,"5396 "
629,"Vullaby",70,55,75,45,65,60,370,61.67,"5140 - 5396 ",0.5,9,"Dark","Flying","190 (24.8%)",190,5140,"5396 "
630,"Mandibuzz",110,65,105,55,95,80,510,85,"5140 - 5396 ",1.2,39.5,"Dark","Flying","60 (7.8%)",60,5140,"5396 "
631,"Heatmor",85,97,66,105,66,65,484,80.67,"5140 - 5396 ",1.4,58,"Fire","Unknown","90 (11.8%)",90,5140,"5396 "
632,"Durant",58,109,112,48,48,109,484,80.67,"5140 - 5396 ",0.3,33,"Bug","Steel","90 (11.8%)",90,5140,"5396 "
633,"Deino",52,65,50,45,50,38,300,50,"10280 - 10536 ",0.8,17.3,"Dark","Dragon","45 (5.9%)",45,10280,"10536 "
634,"Zweilous",72,85,70,65,70,58,420,70,"10280 - 10536 ",1.4,50,"Dark","Dragon","45 (5.9%)",45,10280,"10536 "
635,"Hydreigon",92,105,90,125,90,98,600,100,"10280 - 10536 ",1.8,160,"Dark","Dragon","45 (5.9%)",45,10280,"10536 "
636,"Larvesta",55,85,55,50,55,60,360,60,"10280 - 10536 ",1.1,28.8,"Bug","Fire","45 (5.9%)",45,10280,"10536 "
637,"Volcarona",85,60,65,135,105,100,550,91.67,"10280 - 10536 ",1.6,46,"Bug","Fire","15 (2%)",15,10280,"10536 "
638,"Cobalion",91,90,129,90,72,108,580,96.67,"20560 - 20816 ",2.1,250,"Steel","Fighting","3 (0.4%)",3,20560,"20816 "
639,"Terrakion",91,129,90,72,90,108,580,96.67,"20560 - 20816 ",1.9,260,"Rock","Fighting","3 (0.4%)",3,20560,"20816 "
640,"Virizion",91,90,72,90,129,108,580,96.67,"20560 - 20816 ",2,200,"Grass","Fighting","3 (0.4%)",3,20560,"20816 "
641,"Tornadus",79,115,70,125,80,111,580,96.67,"30840 - 31096 ",1.5,63,"Flying","Unknown","3 (0.4%)",3,30840,"31096 "
642,"Thundurus",79,115,70,125,80,111,580,96.67,"30840 - 31096 ",1.5,61,"Electric","Flying","3 (0.4%)",3,30840,"31096 "
643,"Reshiram",100,120,100,150,120,90,680,113.33,"30840 - 31096 ",3.2,330,"Dragon","Fire","3 (0.4%)",3,30840,"31096 "
644,"Zekrom",100,150,120,120,100,90,680,113.33,"30840 - 31096 ",2.9,345,"Dragon","Electric","3 (0.4%)",3,30840,"31096 "
645,"Landorus",89,125,90,115,80,101,600,100,"30840 - 31096 ",1.5,68,"Ground","Flying","3 (0.4%)",3,30840,"31096 "
646,"Kyurem",125,130,90,130,90,95,660,110,"30840 - 31096 ",3,325,"Dragon","Ice","3 (0.4%)",3,30840,"31096 "
647,"Keldeo",91,72,90,129,90,108,580,96.67,"20560 - 20816 ",1.4,48.5,"Water","Fighting","3 (0.4%)",3,20560,"20816 "
648,"Meloetta",100,77,77,128,128,90,600,100,"30840 - 31096 ",0.6,6.5,"Normal","Psychic","3 (0.4%)",3,30840,"31096 "
649,"Genesect",71,120,95,120,95,99,600,100,"30840 - 31096 ",1.5,82.5,"Bug","Steel","3 (0.4%)",3,30840,"31096 "
650,"Chespin",56,61,65,48,45,38,313,52.17,"5140 - 5396 ",0.4,9,"Grass","Unknown","45 (5.9%)",45,5140,"5396 "
651,"Quilladin",61,78,95,56,58,57,405,67.5,"5140 - 5396 ",0.7,29,"Grass","Unknown","45 (5.9%)",45,5140,"5396 "
652,"Chesnaught",88,107,122,74,75,64,530,88.33,"5140 - 5396 ",1.6,90,"Grass","Fighting","45 (5.9%)",45,5140,"5396 "
653,"Fennekin",40,45,40,62,60,60,307,51.17,"5140 - 5396 ",0.4,9.4,"Fire","Unknown","45 (5.9%)",45,5140,"5396 "
654,"Braixen",59,59,58,90,70,73,409,68.17,"5140 - 5396 ",1,14.5,"Fire","Unknown","45 (5.9%)",45,5140,"5396 "
655,"Delphox",75,69,72,114,100,104,534,89,"5140 - 5396 ",1.5,39,"Fire","Psychic","45 (5.9%)",45,5140,"5396 "
656,"Froakie",41,56,40,62,44,71,314,52.33,"5140 - 5396 ",0.3,7,"Water","Unknown","45 (5.9%)",45,5140,"5396 "
657,"Frogadier",54,63,52,83,56,97,405,67.5,"5140 - 5396 ",0.6,10.9,"Water","Unknown","45 (5.9%)",45,5140,"5396 "
658,"Greninja",72,95,67,103,71,122,530,88.33,"5140 - 5396 ",1.5,40,"Water","Dark","45 (5.9%)",45,5140,"5396 "
659,"Bunnelby",38,36,38,32,36,57,237,39.5,"3855 - 4111 ",0.4,5,"Normal","Unknown","255 (33.3%)",255,3855,"4111 "
660,"Diggersby",85,56,77,50,77,78,423,70.5,"3855 - 4111 ",1,42.4,"Normal","Ground","127 (16.6%)",127,3855,"4111 "
661,"Fletchling",45,50,43,40,38,62,278,46.33,"3855 - 4111 ",0.3,1.7,"Normal","Flying","255 (33.3%)",255,3855,"4111 "
662,"Fletchinder",62,73,55,56,52,84,382,63.67,"3855 - 4111 ",0.7,16,"Fire","Flying","120 (15.7%)",120,3855,"4111 "
663,"Talonflame",78,81,71,74,69,126,499,83.17,"3855 - 4111 ",1.2,24.5,"Fire","Flying","45 (5.9%)",45,3855,"4111 "
664,"Scatterbug",38,35,40,27,25,35,200,33.33,"3855 - 4111 ",0.3,2.5,"Bug","Unknown","255 (33.3%)",255,3855,"4111 "
665,"Spewpa",45,22,60,27,30,29,213,35.5,"3855 - 4111 ",0.3,8.4,"Bug","Unknown","120 (15.7%)",120,3855,"4111 "
666,"Vivillon",80,52,50,90,50,89,411,68.5,"3855 - 4111 ",1.2,17,"Bug","Flying","45 (5.9%)",45,3855,"4111 "
667,"Litleo",62,50,58,73,54,72,369,61.5,"5140 - 5396 ",0.6,13.5,"Fire","Normal","220 (28.8%)",220,5140,"5396 "
668,"Pyroar",86,68,72,109,66,106,507,84.5,"5140 - 5396 ",1.5,81.5,"Fire","Normal","65 (8.5%)",65,5140,"5396 "
669,"Flabébé",44,38,39,61,79,42,303,50.5,"5140 - 5396 ",0.1,0.1,"Fairy","Unknown","225 (29.4%)",225,5140,"5396 "
670,"Floette",54,45,47,75,98,52,371,61.83,"5140 - 5396 ",0.2,0.9,"Fairy","Unknown","120 (15.7%)",120,5140,"5396 "
671,"Florges",78,65,68,112,154,75,552,92,"5140 - 5396 ",1.1,10,"Fairy","Unknown","45 (5.9%)",45,5140,"5396 "
672,"Skiddo",66,65,48,62,57,52,350,58.33,"5140 - 5396 ",0.9,31,"Grass","Unknown","200 (26.1%)",200,5140,"5396 "
673,"Gogoat",123,100,62,97,81,68,531,88.5,"5140 - 5396 ",1.7,91,"Grass","Unknown","45 (5.9%)",45,5140,"5396 "
674,"Pancham",67,82,62,46,48,43,348,58,"6425 - 6681 ",0.6,8,"Fighting","Unknown","220 (28.8%)",220,6425,"6681 "
675,"Pangoro",95,124,78,69,71,58,495,82.5,"6425 - 6681 ",2.1,136,"Fighting","Dark","65 (8.5%)",65,6425,"6681 "
676,"Furfrou",75,80,60,65,90,102,472,78.67,"5140 - 5396 ",1.2,28,"Normal","Unknown","160 (20.9%)",160,5140,"5396 "
677,"Espurr",62,48,54,63,60,68,355,59.17,"5140 - 5396 ",0.3,3.5,"Psychic","Unknown","190 (24.8%)",190,5140,"5396 "
678,"Meowstic",74,48,76,83,81,104,466,77.67,"5140 - 5396 ",0.6,8.5,"Psychic","Unknown","75 (9.8%)",75,5140,"5396 "
679,"Honedge",45,80,100,35,37,28,325,54.17,"5140 - 5396 ",0.8,2,"Steel","Ghost","180 (23.5%)",180,5140,"5396 "
680,"Doublade",59,110,150,45,49,35,448,74.67,"5140 - 5396 ",0.8,4.5,"Steel","Ghost","90 (11.8%)",90,5140,"5396 "
681,"Aegislash",60,50,150,50,150,60,520,86.67,"5140 - 5396 ",1.7,53,"Steel","Ghost","45 (5.9%)",45,5140,"5396 "
682,"Spritzee",78,52,60,63,65,23,341,56.83,"5140 - 5396 ",0.2,0.5,"Fairy","Unknown","200 (26.1%)",200,5140,"5396 "
683,"Aromatisse",101,72,72,99,89,29,462,77,"5140 - 5396 ",0.8,15.5,"Fairy","Unknown","140 (18.3%)",140,5140,"5396 "
684,"Swirlix",62,48,66,59,57,49,341,56.83,"5140 - 5396 ",0.4,3.5,"Fairy","Unknown","200 (26.1%)",200,5140,"5396 "
685,"Slurpuff",82,80,86,85,75,72,480,80,"5140 - 5396 ",0.8,5,"Fairy","Unknown","140 (18.3%)",140,5140,"5396 "
686,"Inkay",53,54,53,37,46,45,288,48,"5140 - 5396 ",0.4,3.5,"Dark","Psychic","190 (24.8%)",190,5140,"5396 "
687,"Malamar",86,92,88,68,75,73,482,80.33,"5140 - 5396 ",1.5,47,"Dark","Psychic","80 (10.5%)",80,5140,"5396 "
688,"Binacle",42,52,67,39,56,50,306,51,"5140 - 5396 ",0.5,31,"Rock","Water","120 (15.7%)",120,5140,"5396 "
689,"Barbaracle",72,105,115,54,86,68,500,83.33,"5140 - 5396 ",1.3,96,"Rock","Water","45 (5.9%)",45,5140,"5396 "
690,"Skrelp",50,60,60,60,60,30,320,53.33,"5140 - 5396 ",0.5,7.3,"Poison","Water","225 (29.4%)",225,5140,"5396 "
691,"Dragalge",65,75,90,97,123,44,494,82.33,"5140 - 5396 ",1.8,81.5,"Poison","Dragon","55 (7.2%)",55,5140,"5396 "
692,"Clauncher",50,53,62,58,63,44,330,55,"3855 - 4111 ",0.5,8.3,"Water","Unknown","225 (29.4%)",225,3855,"4111 "
693,"Clawitzer",71,73,88,120,89,59,500,83.33,"3855 - 4111 ",1.3,35.3,"Water","Unknown","55 (7.2%)",55,3855,"4111 "
694,"Helioptile",44,38,33,61,43,70,289,48.17,"5140 - 5396 ",0.5,6,"Electric","Normal","190 (24.8%)",190,5140,"5396 "
695,"Heliolisk",62,55,52,109,94,109,481,80.17,"5140 - 5396 ",1,21,"Electric","Normal","75 (9.8%)",75,5140,"5396 "
696,"Tyrunt",58,89,77,45,45,48,362,60.33,"7710 - 7966 ",0.8,26,"Rock","Dragon","45 (5.9%)",45,7710,"7966 "
697,"Tyrantrum",82,121,119,69,59,71,521,86.83,"7710 - 7966 ",2.5,270,"Rock","Dragon","45 (5.9%)",45,7710,"7966 "
698,"Amaura",77,59,50,67,63,46,362,60.33,"7710 - 7966 ",1.3,25.2,"Rock","Ice","45 (5.9%)",45,7710,"7966 "
699,"Aurorus",123,77,72,99,92,58,521,86.83,"7710 - 7966 ",2.7,225,"Rock","Ice","45 (5.9%)",45,7710,"7966 "
700,"Sylveon",95,65,65,110,130,60,525,87.5,"8995 - 9251 ",1,23.5,"Fairy","Unknown","45 (5.9%)",45,8995,"9251 "
701,"Hawlucha",78,92,75,74,63,118,500,83.33,"5140 - 5396 ",0.8,21.5,"Fighting","Flying","100 (13.1%)",100,5140,"5396 "
702,"Dedenne",67,58,57,81,67,101,431,71.83,"5140 - 5396 ",0.2,2.2,"Electric","Fairy","180 (23.5%)",180,5140,"5396 "
703,"Carbink",50,50,150,50,150,50,500,83.33,"6425 - 6681 ",0.3,5.7,"Rock","Fairy","60 (7.8%)",60,6425,"6681 "
704,"Goomy",45,50,35,55,75,40,300,50,"10280 - 10536 ",0.3,2.8,"Dragon","Unknown","45 (5.9%)",45,10280,"10536 "
705,"Sliggoo",68,75,53,83,113,60,452,75.33,"10280 - 10536 ",0.8,17.5,"Dragon","Unknown","45 (5.9%)",45,10280,"10536 "
706,"Goodra",90,100,70,110,150,80,600,100,"10280 - 10536 ",2,150.5,"Dragon","Unknown","45 (5.9%)",45,10280,"10536 "
707,"Klefki",57,80,91,80,87,75,470,78.33,"5140 - 5396 ",0.2,3,"Steel","Fairy","75 (9.8%)",75,5140,"5396 "
708,"Phantump",43,70,48,50,60,38,309,51.5,"5140 - 5396 ",0.4,7,"Ghost","Grass","120 (15.7%)",120,5140,"5396 "
709,"Trevenant",85,110,76,65,82,56,474,79,"5140 - 5396 ",1.5,71,"Ghost","Grass","60 (7.8%)",60,5140,"5396 "
710,"Pumpkaboo",44,66,70,44,55,56,335,55.83,"5140 - 5396 ",0.3,3.5,"Ghost","Grass","120 (15.7%)",120,5140,"5396 "
711,"Gourgeist",55,85,122,58,75,99,494,82.33,"5140 - 5396 ",0.7,9.5,"Ghost","Grass","60 (7.8%)",60,5140,"5396 "
712,"Bergmite",55,69,85,32,35,28,304,50.67,"5140 - 5396 ",1,99.5,"Ice","Unknown","190 (24.8%)",190,5140,"5396 "
713,"Avalugg",95,117,184,44,46,28,514,85.67,"5140 - 5396 ",2,505,"Ice","Unknown","55 (7.2%)",55,5140,"5396 "
714,"Noibat",40,30,35,45,40,55,245,40.83,"5140 - 5396 ",0.5,8,"Flying","Dragon","190 (24.8%)",190,5140,"5396 "
715,"Noivern",85,70,80,97,80,123,535,89.17,"5140 - 5396 ",1.5,85,"Flying","Dragon","45 (5.9%)",45,5140,"5396 "
716,"Xerneas",126,131,95,131,98,99,680,113.33,"30840 - 31096 ",3,215,"Fairy","Unknown","45 (5.9%)",45,30840,"31096 "
717,"Yveltal",126,131,95,131,98,99,680,113.33,"30840 - 31096 ",5.8,203,"Dark","Flying","45 (5.9%)",45,30840,"31096 "
718,"Zygarde",108,100,121,81,95,95,600,100,"30840 - 31096 ",5,305,"Dragon","Ground","3 (0.4%)",3,30840,"31096 "
719,"Diancie",50,100,150,100,150,50,600,100,"6425 - 6681 ",0.7,8.8,"Rock","Fairy","3 (0.4%)",3,6425,"6681 "
720,"Hoopa",80,110,60,150,130,70,600,100,"30840 - 31096 ",0.5,9,"Psychic","Ghost","3 (0.4%)",3,30840,"31096 "
721,"Volcanion",80,110,120,130,90,70,600,100,"30840 - 31096 ",1.7,195,"Fire","Water","3 (0.4%)",3,30840,"31096 "
722,"Rowlet",68,55,55,50,50,42,320,53.33,"3855 - 4111 ",0.3,1.5,"Grass","Flying","45 (5.9%)",45,3855,"4111 "
723,"Dartrix",78,75,75,70,70,52,420,70,"3855 - 4111 ",0.7,16,"Grass","Flying","45 (5.9%)",45,3855,"4111 "
724,"Decidueye",78,107,75,100,100,70,530,88.33,"3855 - 4111 ",1.6,36.6,"Grass","Ghost","45 (5.9%)",45,3855,"4111 "
725,"Litten",45,65,40,60,40,70,320,53.33,"3855 - 4111 ",0.4,4.3,"Fire","Unknown","45 (5.9%)",45,3855,"4111 "
726,"Torracat",65,85,50,80,50,90,420,70,"3855 - 4111 ",0.7,25,"Fire","Unknown","45 (5.9%)",45,3855,"4111 "
727,"Incineroar",95,115,90,80,90,60,530,88.33,"3855 - 4111 ",1.8,83,"Fire","Dark","45 (5.9%)",45,3855,"4111 "
728,"Popplio",50,54,54,66,56,40,320,53.33,"3855 - 4111 ",0.4,7.5,"Water","Unknown","45 (5.9%)",45,3855,"4111 "
729,"Brionne",60,69,69,91,81,50,420,70,"3855 - 4111 ",0.6,17.5,"Water","Unknown","45 (5.9%)",45,3855,"4111 "
730,"Primarina",80,74,74,126,116,60,530,88.33,"3855 - 4111 ",1.8,44,"Water","Fairy","45 (5.9%)",45,3855,"4111 "
731,"Pikipek",35,75,30,30,30,65,265,44.17,"3855 - 4111 ",0.3,1.2,"Normal","Flying","255 (33.3%)",255,3855,"4111 "
732,"Trumbeak",55,85,50,40,50,75,355,59.17,"3855 - 4111 ",0.6,14.8,"Normal","Flying","120 (15.7%)",120,3855,"4111 "
733,"Toucannon",80,120,75,75,75,60,485,80.83,"3855 - 4111 ",1.1,26,"Normal","Flying","45 (5.9%)",45,3855,"4111 "
734,"Yungoos",48,70,30,30,30,45,253,42.17,"3855 - 4111 ",0.4,6,"Normal","Unknown","255 (33.3%)",255,3855,"4111 "
735,"Gumshoos",88,110,60,55,60,45,418,69.67,"3855 - 4111 ",0.7,14.2,"Normal","Unknown","127 (16.6%)",127,3855,"4111 "
736,"Grubbin",47,62,45,55,45,46,300,50,"3855 - 4111 ",0.4,4.4,"Bug","Unknown","255 (33.3%)",255,3855,"4111 "
737,"Charjabug",57,82,95,55,75,36,400,66.67,"3855 - 4111 ",0.5,10.5,"Bug","Electric","120 (15.7%)",120,3855,"4111 "
738,"Vikavolt",77,70,90,145,75,43,500,83.33,"3855 - 4111 ",1.5,45,"Bug","Electric","45 (5.9%)",45,3855,"4111 "
739,"Crabrawler",47,82,57,42,47,63,338,56.33,"5140 - 5396 ",0.6,7,"Fighting","Unknown","225 (29.4%)",225,5140,"5396 "
740,"Crabominable",97,132,77,62,67,43,478,79.67,"5140 - 5396 ",1.7,180,"Fighting","Ice","60 (7.8%)",60,5140,"5396 "
741,"Oricorio",75,70,70,98,70,93,476,79.33,"5140 - 5396 ",0.6,3.4,"Fire","Flying","45 (5.9%)",45,5140,"5396 "
742,"Cutiefly",40,45,40,55,40,84,304,50.67,"5140 - 5396 ",0.1,0.2,"Bug","Fairy","190 (24.8%)",190,5140,"5396 "
743,"Ribombee",60,55,60,95,70,124,464,77.33,"5140 - 5396 ",0.2,0.5,"Bug","Fairy","75 (9.8%)",75,5140,"5396 "
744,"Rockruff",45,65,40,30,40,60,280,46.67,"3855 - 4111 ",0.5,9.2,"Rock","Unknown","190 (24.8%)",190,3855,"4111 "
745,"Lycanroc",75,115,65,55,65,112,487,81.17,"3855 - 4111 ",0.8,25,"Rock","Unknown","90 (11.8%)",90,3855,"4111 "
746,"Wishiwashi",45,20,20,25,25,40,175,29.17,"3855 - 4111 ",0.2,0.3,"Water","Unknown","60 (7.8%)",60,3855,"4111 "
747,"Mareanie",50,53,62,43,52,45,305,50.83,"5140 - 5396 ",0.4,8,"Poison","Water","190 (24.8%)",190,5140,"5396 "
748,"Toxapex",50,63,152,53,142,35,495,82.5,"5140 - 5396 ",0.7,14.5,"Poison","Water","75 (9.8%)",75,5140,"5396 "
749,"Mudbray",70,100,70,45,55,45,385,64.17,"5140 - 5396 ",1,110,"Ground","Unknown","190 (24.8%)",190,5140,"5396 "
750,"Mudsdale",100,125,100,55,85,35,500,83.33,"5140 - 5396 ",2.5,920,"Ground","Unknown","60 (7.8%)",60,5140,"5396 "
751,"Dewpider",38,40,52,40,72,27,269,44.83,"3855 - 4111 ",0.3,4,"Water","Bug","200 (26.1%)",200,3855,"4111 "
752,"Araquanid",68,70,92,50,132,42,454,75.67,"3855 - 4111 ",1.8,82,"Water","Bug","100 (13.1%)",100,3855,"4111 "
753,"Fomantis",40,55,35,50,35,35,250,41.67,"5140 - 5396 ",0.3,1.5,"Grass","Unknown","190 (24.8%)",190,5140,"5396 "
754,"Lurantis",70,105,90,80,90,45,480,80,"5140 - 5396 ",0.9,18.5,"Grass","Unknown","75 (9.8%)",75,5140,"5396 "
755,"Morelull",40,35,55,65,75,15,285,47.5,"5140 - 5396 ",0.2,1.5,"Grass","Fairy","190 (24.8%)",190,5140,"5396 "
756,"Shiinotic",60,45,80,90,100,30,405,67.5,"5140 - 5396 ",1,11.5,"Grass","Fairy","75 (9.8%)",75,5140,"5396 "
757,"Salandit",48,44,40,71,40,77,320,53.33,"5140 - 5396 ",0.6,4.8,"Poison","Fire","120 (15.7%)",120,5140,"5396 "
758,"Salazzle",68,64,60,111,60,117,480,80,"5140 - 5396 ",1.2,22.2,"Poison","Fire","45 (5.9%)",45,5140,"5396 "
759,"Stufful",70,75,50,45,50,50,340,56.67,"3855 - 4111 ",0.5,6.8,"Normal","Fighting","140 (18.3%)",140,3855,"4111 "
760,"Bewear",120,125,80,55,60,60,500,83.33,"3855 - 4111 ",2.1,135,"Normal","Fighting","70 (9.2%)",70,3855,"4111 "
761,"Bounsweet",42,30,38,30,38,32,210,35,"5140 - 5396 ",0.3,3.2,"Grass","Unknown","235 (30.7%)",235,5140,"5396 "
762,"Steenee",52,40,48,40,48,62,290,48.33,"5140 - 5396 ",0.7,8.2,"Grass","Unknown","120 (15.7%)",120,5140,"5396 "
763,"Tsareena",72,120,98,50,98,72,510,85,"5140 - 5396 ",1.2,21.4,"Grass","Unknown","45 (5.9%)",45,5140,"5396 "
764,"Comfey",51,52,90,82,110,100,485,80.83,"5140 - 5396 ",0.1,0.3,"Fairy","Unknown","60 (7.8%)",60,5140,"5396 "
765,"Oranguru",90,60,80,90,110,60,490,81.67,"5140 - 5396 ",1.5,76,"Normal","Psychic","45 (5.9%)",45,5140,"5396 "
766,"Passimian",100,120,90,40,60,80,490,81.67,"5140 - 5396 ",2,82.8,"Fighting","Unknown","45 (5.9%)",45,5140,"5396 "
767,"Wimpod",25,35,40,20,30,80,230,38.33,"5140 - 5396 ",0.5,12,"Bug","Water","90 (11.8%)",90,5140,"5396 "
768,"Golisopod",75,125,140,60,90,40,530,88.33,"5140 - 5396 ",2,108,"Bug","Water","45 (5.9%)",45,5140,"5396 "
769,"Sandygast",55,55,80,70,45,15,320,53.33,"3855 - 4111 ",0.5,70,"Ghost","Ground","140 (18.3%)",140,3855,"4111 "
770,"Palossand",85,75,110,100,75,35,480,80,"3855 - 4111 ",1.3,250,"Ghost","Ground","60 (7.8%)",60,3855,"4111 "
771,"Pyukumuku",55,60,130,30,130,5,410,68.33,"3855 - 4111 ",0.3,1.2,"Water","Unknown","60 (7.8%)",60,3855,"4111 "
772,"Type:_Null",95,95,95,95,95,59,534,89,"30840 - 31096 ",1.9,120.5,"Normal","Unknown","3 (0.4%)",3,30840,"31096 "
773,"Silvally",95,95,95,95,95,95,570,95,"30840 - 31096 ",2.3,100.5,"Normal","Unknown","3 (0.4%)",3,30840,"31096 "
774,"Minior",60,60,100,60,100,60,440,73.33,"6425 - 6681 ",0.3,40,"Rock","Flying","30 (3.9%)",30,6425,"6681 "
775,"Komala",65,115,65,75,95,65,480,80,"5140 - 5396 ",0.4,19.9,"Normal","Unknown","45 (5.9%)",45,5140,"5396 "
776,"Turtonator",60,78,135,91,85,36,485,80.83,"5140 - 5396 ",2,212,"Fire","Dragon","70 (9.2%)",70,5140,"5396 "
777,"Togedemaru",65,98,63,40,73,96,435,72.5,"2570 - 2826 ",0.3,3.3,"Electric","Steel","180 (23.5%)",180,2570,"2826 "
778,"Mimikyu",55,90,80,50,105,96,476,79.33,"5140 - 5396 ",0.2,0.7,"Ghost","Fairy","45 (5.9%)",45,5140,"5396 "
779,"Bruxish",68,105,70,70,70,92,475,79.17,"3855 - 4111 ",0.9,19,"Water","Psychic","80 (10.5%)",80,3855,"4111 "
780,"Drampa",78,60,85,135,91,36,485,80.83,"5140 - 5396 ",3,185,"Normal","Dragon","70 (9.2%)",70,5140,"5396 "
781,"Dhelmise",70,131,100,86,90,40,517,86.17,"6425 - 6681 ",3.9,210,"Ghost","Grass","25 (3.3%)",25,6425,"6681 "
782,"Jangmo-o",45,55,65,45,45,45,300,50,"10280 - 10536 ",0.6,29.7,"Dragon","Unknown","45 (5.9%)",45,10280,"10536 "
783,"Hakamo-o",55,75,90,65,70,65,420,70,"10280 - 10536 ",1.2,47,"Dragon","Fighting","45 (5.9%)",45,10280,"10536 "
784,"Kommo-o",75,110,125,100,105,85,600,100,"10280 - 10536 ",1.6,78.2,"Dragon","Fighting","45 (5.9%)",45,10280,"10536 "
785,"Tapu_Koko",70,115,85,95,75,130,570,95,"3855 - 4111 ",1.8,20.5,"Electric","Fairy","3 (0.4%)",3,3855,"4111 "
786,"Tapu_Lele",70,85,75,130,115,95,570,95,"3855 - 4111 ",1.2,18.6,"Psychic","Fairy","3 (0.4%)",3,3855,"4111 "
787,"Tapu_Bulu",70,130,115,85,95,75,570,95,"3855 - 4111 ",1.9,45.5,"Grass","Fairy","3 (0.4%)",3,3855,"4111 "
788,"Tapu_Fini",70,75,115,95,130,85,570,95,"3855 - 4111 ",1.3,21.2,"Water","Fairy","3 (0.4%)",3,3855,"4111 "
789,"Cosmog",43,29,31,29,31,37,200,33.33,"30840 - 31096 ",0.2,0.1,"Psychic","Unknown","45 (5.9%)",45,30840,"31096 "
790,"Cosmoem",43,29,131,29,131,37,400,66.67,"30840 - 31096 ",0.1,999.9,"Psychic","Unknown","45 (5.9%)",45,30840,"31096 "
791,"Solgaleo",137,137,107,113,89,97,680,113.33,"30840 - 31096 ",3.4,230,"Psychic","Steel","45 (5.9%)",45,30840,"31096 "
792,"Lunala",137,113,89,137,107,97,680,113.33,"30840 - 31096 ",4,120,"Psychic","Ghost","45 (5.9%)",45,30840,"31096 "
793,"Nihilego",109,53,47,127,131,103,570,95,"30840 - 31096 ",1.2,55.5,"Rock","Poison","45 (5.9%)",45,30840,"31096 "
794,"Buzzwole",107,139,139,53,53,79,570,95,"30840 - 31096 ",2.4,333.6,"Bug","Fighting","25 (3.3%)",25,30840,"31096 "
795,"Pheromosa",71,137,37,137,37,151,570,95,"30840 - 31096 ",1.8,25,"Bug","Fighting","255 (33.3%)",255,30840,"31096 "
796,"Xurkitree",83,89,71,173,71,83,570,95,"30840 - 31096 ",3.8,100,"Electric","Unknown","30 (3.9%)",30,30840,"31096 "
797,"Celesteela",97,101,103,107,101,61,570,95,"30840 - 31096 ",9.2,999.9,"Steel","Flying","25 (3.3%)",25,30840,"31096 "
798,"Kartana",59,181,131,59,31,109,570,95,"30840 - 31096 ",0.3,0.1,"Grass","Steel","255 (33.3%)",255,30840,"31096 "
799,"Guzzlord",223,101,53,97,53,43,570,95,"30840 - 31096 ",5.5,888,"Dark","Dragon","15 (2%)",15,30840,"31096 "
800,"Necrozma",97,107,101,127,89,79,600,100,"30840 - 31096 ",2.4,230,"Psychic","Unknown","3 (0.4%)",3,30840,"31096 "
801,"Magearna",80,95,115,130,115,65,600,100,"30840 - 31096 ",1,80.5,"Steel","Fairy","3 (0.4%)",3,30840,"31096 "
802,"Marshadow",90,125,80,90,90,125,600,100,"30840 - 31096 ",0.7,22.2,"Fighting","Ghost","3 (0.4%)",3,30840,"31096 "
